-- phpMyAdmin SQL Dump
-- version 5.2.0
-- https://www.phpmyadmin.net/
--
-- Host: 127.0.0.1
-- Tempo de geração: 27-Jun-2023 às 03:44
-- Versão do servidor: 10.4.27-MariaDB
-- versão do PHP: 8.1.12

SET SQL_MODE = "NO_AUTO_VALUE_ON_ZERO";
START TRANSACTION;
SET time_zone = "+00:00";


/*!40101 SET @OLD_CHARACTER_SET_CLIENT=@@CHARACTER_SET_CLIENT */;
/*!40101 SET @OLD_CHARACTER_SET_RESULTS=@@CHARACTER_SET_RESULTS */;
/*!40101 SET @OLD_COLLATION_CONNECTION=@@COLLATION_CONNECTION */;
/*!40101 SET NAMES utf8mb4 */;

--
-- Banco de dados: `banco_editais`
--

-- --------------------------------------------------------

--
-- Estrutura da tabela `cargaaula`
--

CREATE TABLE `cargaaula` (
  `id_aula` int(8) NOT NULL,
  `cargaHoraria` varchar(45) NOT NULL
) ENGINE=InnoDB DEFAULT CHARSET=utf8mb4 COLLATE=utf8mb4_general_ci;

--
-- Extraindo dados da tabela `cargaaula`
--

INSERT INTO `cargaaula` (`id_aula`, `cargaHoraria`) VALUES
(1, '2h/a'),
(2, '4h/a');

-- --------------------------------------------------------

--
-- Estrutura da tabela `cursos`
--

CREATE TABLE `cursos` (
  `id_curso` int(8) NOT NULL,
  `Nome_Curso` varchar(255) NOT NULL,
  `sigla_curso` varchar(6) NOT NULL
) ENGINE=InnoDB DEFAULT CHARSET=utf8mb4 COLLATE=utf8mb4_general_ci;

--
-- Extraindo dados da tabela `cursos`
--

INSERT INTO `cursos` (`id_curso`, `Nome_Curso`, `sigla_curso`) VALUES
(1, 'Gestão da Produção Industrial', 'GPI'),
(2, 'Gestão Empresarial', 'GE'),
(3, 'Gestão da Tecnologia da Informação', 'GTI'),
(4, 'Desenvolvimento de Software Multiplataforma', 'DSM');

-- --------------------------------------------------------

--
-- Estrutura da tabela `disciplinas`
--

CREATE TABLE `disciplinas` (
  `id_disciplina` int(8) NOT NULL,
  `Nome_Disciplina` varchar(255) NOT NULL
) ENGINE=InnoDB DEFAULT CHARSET=utf8mb4 COLLATE=utf8mb4_general_ci;

--
-- Extraindo dados da tabela `disciplinas`
--

INSERT INTO `disciplinas` (`id_disciplina`, `Nome_Disciplina`) VALUES
(1, 'Algoritmo e Lógica de Programação'),
(2, 'Modelagem de Banco de Dados'),
(3, 'Engenharia de Software I'),
(4, 'Sistemas Computacionais e Sistemas de Computadores'),
(5, 'Desenvolvimento Web I'),
(6, 'Design Digital'),
(7, 'Banco de Dados Relacional'),
(8, 'Estrutura de Dados'),
(9, 'Engenharia de Software II'),
(10, 'Técnicas de Programação I'),
(11, 'Desenvolvimento Web II'),
(12, 'Matemática para Computação'),
(38, ' Fundamentos de Marketing'),
(39, 'Gestão da Produção'),
(40, 'Redes de Computadores'),
(41, 'Gestão Financeira'),
(42, ' Programação para Internet'),
(43, 'Planejamento e Gestão \r\nEstratégica '),
(44, 'Gestão de Projetos'),
(45, 'Sistemas Integrados de Gestão e Aplicações'),
(46, 'Gestão de Tecnologia da Informação'),
(47, 'Projeto de Tecnologia da Informação I'),
(48, 'Inglês V'),
(49, 'Gestão Econômica'),
(50, 'Inteligência de negócios'),
(51, 'Planejamento Programação e Controle da Produção'),
(52, 'Ética e direito Empresarial'),
(53, 'Processos de Produção'),
(54, 'Tecnologia da Produção Industrial'),
(55, 'Inglês I'),
(56, 'Liderança e Empreendedorismo'),
(57, 'Administração Geral'),
(58, 'Contabilidade'),
(59, 'Informática Aplicada à Gestão - AAP'),
(60, 'Comunicação e Expressão'),
(61, ' Sociedade, Tecnologia e Inovação'),
(62, 'Gestão de Marketing'),
(63, 'Gestão Financeira'),
(64, 'Sistemas de Informação'),
(65, 'Planejamento de Marketing'),
(66, 'Gestão de Estoques'),
(67, 'Legislação Aplicada a TI'),
(68, 'Modelagem de Processos');

-- --------------------------------------------------------

--
-- Estrutura da tabela `documentos`
--

CREATE TABLE `documentos` (
  `id` int(11) NOT NULL,
  `nome` varchar(50) NOT NULL,
  `datahora` datetime NOT NULL,
  `arquivo` blob NOT NULL,
  `id_usuario` int(11) NOT NULL
) ENGINE=InnoDB DEFAULT CHARSET=latin1 COLLATE=latin1_swedish_ci;

--
-- Extraindo dados da tabela `documentos`
--

INSERT INTO `documentos` (`id`, `nome`, `datahora`, `arquivo`, `id_usuario`) VALUES
(2, 'diploma_frente.pdf', '2023-05-29 17:21:45', 0x255044462d312e360d25ffffffff0a392030206f626a0d3c3c2f4372656174696f6e4461746528443a32303231303332323139303135365a292f43726561746f7228feff0043004f004d00200053007500720072006f0067006100740065292f50726f647563657228feff0053006f006c006900640020005000440046002000430072006500610074006f007200200020005c280039002e0030002e0032003400370039002e0031005c29293e3e0d656e646f626a0d382030206f626a0d3c3c2f42697473506572436f6d706f6e656e7420382f436f6c6f7253706163652f4465766963655247422f4465636f64655061726d735b206e756c6c5d2f46696c7465725b2f4443544465636f64655d2f486569676874203237332f4c656e6774682035303133312f537562747970652f496d6167652f547970652f584f626a6563742f576964746820313133363e3e73747265616d0affd8ffe000104a46494600010101006000600000ffdb00430006040506050406060506070706080a100a0a09090a140e0f0c1017141818171416161a1d251f1a1b231c1616202c20232627292a29191f2d302d283025282928ffdb0043010707070a080a130a0a13281a161a2828282828282828282828282828282828282828282828282828282828282828282828282828282828282828282828282828ffc00011080111047003012200021101031101ffc4001f0000010501010101010100000000000000000102030405060708090a0bffc400b5100002010303020403050504040000017d01020300041105122131410613516107227114328191a1082342b1c11552d1f02433627282090a161718191a25262728292a3435363738393a434445464748494a535455565758595a636465666768696a737475767778797a838485868788898a92939495969798999aa2a3a4a5a6a7a8a9aab2b3b4b5b6b7b8b9bac2c3c4c5c6c7c8c9cad2d3d4d5d6d7d8d9dae1e2e3e4e5e6e7e8e9eaf1f2f3f4f5f6f7f8f9faffc4001f0100030101010101010101010000000000000102030405060708090a0bffc400b51100020102040403040705040400010277000102031104052131061241510761711322328108144291a1b1c109233352f0156272d10a162434e125f11718191a262728292a35363738393a434445464748494a535455565758595a636465666768696a737475767778797a82838485868788898a92939495969798999aa2a3a4a5a6a7a8a9aab2b3b4b5b6b7b8b9bac2c3c4c5c6c7c8c9cad2d3d4d5d6d7d8d9dae2e3e4e5e6e7e8e9eaf2f3f4f5f6f7f8f9faffda000c03010002110311003f00fa7bd69c3a1cf5a6e3d7b8a77f5ab108d4c5ce07a53cf426991fdd1eb40181acd959d8dd0d4c2b7da49c2a06e1d8f0293fb24b5a34f3b6ed41b0e24fee91c803daa97892e8b6b50e798acca3b8ff0079baff002ad0d47558e3b8b38216491a67c1c1c903d6810b6b6f697ed0de98f37098193d411d8fd39aafe26822b555d492430dcc780081f7fd8d56b8bd3a36b399770b2b9f989c7dd6ee6b5b57b28759d3955261b72195c720d004ba7dea5c5a406728b2cc99081b39ff0022b16ef4686f1ef2d140578b1244de81874fa67356ad342b5d363333cac5d5701dce02f1da9de1d679dae6f25391290a848eaabd0ff3a0645e14b0b6b7479a3dc27fb92237f011d6ba3c71cd72f05c0b7f185c42bc473a838ff680ff00eb1ae9c7dda040bc20c9a8481fdfc54c07ca00a61ebf707ff5e818b11c024b64e39a9d06145578863713802ac274c7b5003c544d27200eb52e7029a40fc6802bbb7af7a22e87ad52d7ee64d2f46bdbe8a21335bc4d2f965b6ee0a33d7f0ae36d3c71a94716877fa86911c3a46a8638d6649773c6ee3e52c3d09a047a2ff852fad707a7f8bf56bdd53518d349816cb4dbb682ea63372a81776e031c9a6d978daf2ee5d2e7b7d3da7b0be70b88e27df0ab7dd766c6d23a671d2819de9e869a7efd715a7f89b5ed4af6f12cf4cb268aceededae0b4c411b4718e39edf9d67d9f8e352fec31af5f585ba693e537dc90f9866dfb5540f4278cfb668b81e8c0706949efed5cec9ae369771a741acbc4b26a1208a11129c07db9c124d73d7fe35d41743bcd6aca0b76b5b6bd36460901de71204dd907ae4e71e9401e8447039a38c60d715e25f106afa62ddbecb3b78ed6d44caf2e5bed2f8259140390063afbd64dc6b3a9eabe27f06cd697296f697f6b2dc7925376184609cf3cf0c40a00eeacb56b2bcd4af6c6da60f7566544e983f26e1915a3c015c2a6afaacfe21f1469b63159c77365145240fb33e6160c70ff962a5f0a789ee35ad0f4595d93edd76ceb3222f1194cefc8f6381f88a101d9f43ef4de304fb579ff893c597fa3dd4333496ed1b5f476cd67b32e236206f2c3a1c9ce0f6a5d4fc557abe24bad323b886c678e48d6da1b98be5bb4382c55fa679231ed401dc5d4c96d6ef2ca488d14b31c6702b2b4ad46df57d3e2bfb190c96930dd1be3191f4ad2d486ed3ee01ff009e6dfcabcbfc1dadcfa7782fc27a759c6ef717b1c9f322862aa9927009009e45170b1e9aa8ccb9f4a9a38010198d70571e27d7b49d06f27d56c8c7225dc704170ea0068dd80f31941206de73dba568da6a7ae2f8bef34c12c573651d98ba8e531805989236161c0e467e945c2c75f344360283a76acbd2b508b5392ed2d9650d6931824f310afcc3ae33d47bd72561e2ad4a3d7fc3f6b757115c7f689923b98e28c797048aa5804703e6c6307ad4b0f88f5bfb178bcc51a5cdd69d762281218867610a49c7760093f850163ba10b0c639c8a735bff0078e73e95cf781f58fed7fb64b16a62f6d94a2a2c9188e589b0772bae07b57578f5a6222da06d14b807a74a7100d260f228021700e39a745c1c1ff2691baf1eb40c8fe9400f23934d6e4114eeb8341ebc74a06432630053d4e7eb4d9067e8695783fce810fe307d69c07039a6f7c53c721450323740327be2a4038f7a5907c9c0a074a04007e94f038e69bd4d4c7afd290c8d8714d538c0ed4e6e94cfe107bf7a00711807d69000481eb467e514d6608bf31000a001c71c54724ca08c1c9c74a866989e01c0aaf19c961e94c449396718cd535cf3c719eb56dd4b2d42ca71903005004c0fca334a0723228001519ce6a40372fd050042cbc63df353470ef50ddbf9d300cb85cf3d39aba802800500371fbb5038e3b51182072c4914fc03da90d0047232a819eb444772e46064d477722a6013f8555826c9703383fa5004b7b2a9055724fb555b4ce08638f4a9187e74d1d7f1cd002ca70071d7ad424e7156320e7776a89f1c01fa50058d9fbadc08c543b864d48a484c678355f9df8cd004dd4d248508e33c503a7a52984360a9201ed400f45279c55b807c9d31ef55e389ce4631575570a16801a07cd8fd29caa157e5e05372093d69fd781da90c08c9e291feef14b8e7da91f1b79cd300c703f5a7f619eb4d5e7eb8a703914800f04e31e94d7fbdfca97d69af92450023bed5f7a2362c73edd2a394f1cf22880f5c50058c53651f2669e0724d473604671400c84649e38c53e6cedfc6996e305b9a5954939e71408741d39f535211c545170393ef528e68182ae33f5a31cf1da8f6a5e833400d2bb8107d2991ae1faf14b21014f38cd4508fde1e78a00966194c1a6c3d0fa8a575dfdf18a1142e4039e6810d9588c814f5cb638e2a09b706e4f153447f7740113e0b1ea7153a818e3a76a85f97e08ebd6a71da800ce7048e2941e0d21a0fde1e99a063c8f5a43d697ae69a3d68011d7239e82ab291b97af26ad13d6ab21cb74cd0226948087351c582fc7f769f2f2a7d718a48700e3bd004bef477e3bd1f8d28ed8140c4f7ee690f7a5c9c6290fd28019daa6030a2a03fa0a9777ca28108dc8f7e9483181eb4d6638e3eb4d62411cd0325e01068041c64d40588039ef46f231cd004c4e7a528c62abee39e2937f51f8d022cfbe7bd2e31d6ab17607b6d15224809e7d681920e4fb538f5fd6917a0a05001eb43521fb86823fa50034f4ae463b6f23c6d216e43a6f5fae315d79ea4d626bf108e5b6be4204b01c919e597b8a007eb334b12471db01e7cc7627b7a9fc2ab5a69161688ef75b6594f2d24a739a279e39f52d3ae237dd0bab807dc81fe06abebba4a5c25cdd4d24ce55711a2763fd681135c68ba6ea96fe6da84427204917ad53f0cc4fa56a93d95c81be45deaff00de02adf83615874ce2456def9201fbbedfa5686af6de64693c43f7f6e77a7bfa8fc4501b9892e9126afabdf3dd48eb1467646071daa2d262926d6ad1266dd259aba39f500e01fd6ba63790a588ba2d88f6eecd50f0f5a1433ddccbb66b97dfb4f555ec28406e2f0a453fb6053067d7bd3fb62818a3ad1cf5f4a3ad2f51f8d0035b38a627ddeb52374fa53107cbc71c500716a04de30be8265dd1cc855bf215a3a6f86ed6c6efce591e497f8377f0d3e4b6587c5ab33636cd0fca7fda1d7f4abb7d7f6d61992e64001e07739fa51d0465f8ab4bb9d4a0896dd9498db95638fc6a8d9f87753b584b437e2273fc2b922b705e0d52cddb4a953791c3b0fba7dc56417d734b9c19b37b6edfdd1c83fd2818cb7b567b975d76edbf7382119b08c0f435d47ee05a92a5442ab9caf402b87f154b753496f3dcc3e4ac8a55109c918f5fceba1b1b29a5f0a8b557c4af1704fbf38a00e62ceefed5e2a8a75ced6936ae7d00af455fbbf9d705e17d3278b5bc5ca6c3002cc3ebc0feb5dfe3087147410833b7b74a8472a4b37cd9a987fab1c5447071c75a0022046f39ce6acc7c807b5403a151daa68fa0f6140127522908c8c50297bd0331fc5e37785b571ff4e937fe806b88f0a6917daf782bc2f6b7c9047636cb05cb32312d2ec1955c76e719fa57a26a1145730496f320789c6194f43ed4dd3ad60b2b48eded6258a08d40444180a076a108e6bc37e1dbcb3baf128d44406d756b8699444c4950542e0f1e82a8f84bc3de25d122874a9f51b49746b6388a40844ec80e5509e9ed9f4aefc75c9a6b7f4a06727e17d1350d224d7a49becee6fee9eea30ac7e52401b4fe439acfb2f064d378064f0d6ab3461b076cf083f29dfbd5b07d0e2bbc6c703f0a6f466cf53401c9ae85a86a13e912ebb25b91a5bf9cbe403fbe936ed0c73d300938f5ae1b4e8af6e6e2ef54b6bff0f4b6f2dd3dc2c5740ab821885dca1b86000ed9af67edcd50fec6d3bed3f691636de7939dfe58cd0071ade1ed6755b9bcd4bed16d045aa58a42d14d1977b63b482139e849cf228b5f06ea96b1786248afedbed7a446f0331889574650bc0cf5e2bd07a0000a0d00729a3e837767e2fd5f589a789e2bd8e38c46aa415d8080739ef9a4f0f784a0d17c43abea30cacc97b26f8e1fe1849c17c7fbc403f857518396cd3b9e9401e6b73f0ff52974db9b1fed888c0f7c2f6376833216f337e1ce7903dab5359f09ddeb30cd69a85ec12da49324aae62fdec3b704846cf1920fe66bb6c70053684055bb81e4b29628982bb21556619038c735c22780244f0e691650ea6f06a3a4bb3dade469c8c9e432f70735e8845468303f1a00f3ff0016585dda7863ecda96a93cf757b7314725d88018e35073828070bc11f534cd0ed750129d31358b6beb5b8478a7f26d7ca6894a901830e320e38af44750c08201cf62288e144384455e7b0c5160386b1f01ddc2342126b5230d2242600b0a8054a95c1f7c77ad1b6f0add5b36b5243aa3473ea372b721d621fba652bc0f504281cd75fd33f9d18e280395b7f0b491b6ad72b7c61d4efe358cdcc1184d8147040f5e4f35d3d9c4f15b451cb2995d102b3b75620753520ea29fde810ce3148fc77a93d6987907eb401138c1fe74dee3352303cd27738c1c530231c71d8f5a7ff09a403d69477a008e5e0528ee6897a0e940e9400b9c0a9233d7e9511fe74f53cf1d6818f93ee50381914afd2939c520154e081ef537d2a151d6a507818a006bf4c5447eef3524ae1412d54de52ea31c0a007c9305181cb01f955591cb939e49e452739cd34f0c0834c40dfeb07a66843fbe19e98c521196c8a3ab934012ca4807daa124ed183906a76c32e73d6985cf014020500387419a720fc87eb533ab796acfc9aab23056f9b3c0c714016782436dc354f90072702b38cec635eddaa41920127914016de40232548c8aa865663cb1a4ddb89e45311b20761cd0023b1c9c0c934884e482306a46c039a41d4d0041704e3229b19e0d2dc9c74f4a2d8023d79e9400b8e09e45340f98f3df8a99909c6d38a6153b87ae690122f231dfa53444dbf9c75e0fad4d1c65b3e94eda0b2fa03914004301dcdbc703d6a52304f1d38a9b185a80e73d7de9813ae714fc9f4a44000fc29dc11f5a008f9cf14f3fd29303771da9c29009dba535f257da9d8e38ed48d8031400833f8e29e3b71da9075140238340c5a69c9229d4871914010ca32c0714b02fde381c52c80673bb06961c60f39cd004b51cc7f778c73528e054532e40c76a006c19dcc3f5a98f4a8adc609a9ba9a04463990fa53fbd33a3919a793d3d68001f4a53d28e98a43f5a0636400a9c8ed50420ee1c0181534a32a7350c40f984e78c6050049231551c77e6921e49247279a27e5473f5a21c81cf4a04366e71e952c3f700f5a8a61ce013f854b1e447cf6a0635ca6704739a993a62aa311b861b826ad0e8281087fad04f14e2323b714d1cd031d9c9149ebef49cf0297b500365fb848fad5640030f7ab6dc03512942782326810b213b971eb4b1820f205398e3249e290302460f18eb400ee030a01e298cdc1c11446d9ebd6801f8c31a6b1c02738e69fd8556998970a3b5031ae771f6a913ee0e6a23c2f6a72313d698876453739f5a4738fbb8a6ee2b9f5a4039885205303640ebc1a612c4e73cd2f381ce05003b773499079c1a39f6a519e0645002139fc4d28600f4a403bf1d7a52738a00b314a36806a4046055304e3a7d2ac4249183f5a009ba83499e94386d984c063ebf5a00c2633d3d681887b571baa58dfeb9a83e0082da162885b393ea6bb3ea7d8566db6ab6b7134b10709246c54abf04e3bd00734344d42ca0db04cb3282182e3041f515a7a56b48ea23d417ecd383821c6037d2b46eef61b752f24a8a807af26b246a0dab6f4b2b25961e9e6ce30bf80a00ab7d711697aec33dac89f67b9389154f19f5fd6996daac875fba68de59edf90b1af393c74f4ef50ea71c961756b13dad94924e70aab1f4e82af69bac182ee6b59ec046d0f2de48cf1eb8ef408122922bb57d510a59eedf1c60e5518ff7a896332788ada7d3ae1a456399803950b5a926ab14ac91d9c7f6991c6768e028ff006bd288af4db5d456f790470b4d9d8d19c827d0d3036477cd381ea7d0d22fdd04f5a5ff0038a43147a76a5cf149c9a5ee680108f94d353a67d29cddfd29abf74500737e21d4acda516e65315dc2dbd1caf00fa66b8db3db7fac442e092924b9209f535d8f8834abbd4f518904712db21e64ee41a927f0bd8b5b2a421a2950e564079cd0819774ed26d6c2679ad54c65d7695078fcab00eb7aa5e5f5c2e9d6e1a185f0463a8ad88ee750b3454bab6fb4aa8c79911e4fd41ac5b3ba934fd5a7682d2e5edae3e6652982a7fc9a045df1040756d156e16365962f9b611c8ec455a87558a1d1eda48bf792c881638d7ab1c6314ad7b7f76a56d2cfc953ff002d27ff000a86d3449ec6513dac91cb2e0ee122f1cf5c63a50324b19e1b1b95b7ba626feebf78c71c67d2b70f2b5871e997373abc57d7ed1af92311c71f4fc4d6e01f2d00228f9393daa201491d79a9c0f9303d2a2f2d80f5db408140c363a54c9daa30080c1b1cd491f419f4a063c75a47ce3e53cd29ebfad21c8fba327a500566277105aa4807ca053dd405c919205361ced04fad022503e5fad2377f5a78e471d0533a9ed40c4edf4a6f24f07d29e7bfeb4d5e18e2801471d2971c6281d6948c824d0021c703de8c60f34e3d690fdee680221f78fad3f1eb4d5ea4fa9a7f53400d1c1eb4de94f6e99a691fa5301a7ee93dea38fb1a91bbfd2a38beed210f1d6947bfd6931fad381e698c775391431ebed49dcd2b7dd26900a9d053d698bd07d29c32334083d6908ec0d38d348e050046fd7ad22e39fad3c8f50314a01f6a006103071484707f4a71fd01a4e86981149f9d02958703b1cd27f8d218a7fad2a9e47d68fa76a4c639a6049272b4e1d48a616ca134ace1396340878e08151b4e14b28e48350493963c703a5440e0fd6801f2316e58e734c4e9439eb483205001d40cf414d23919e69fd4521fbc7eb400d039fc69a010e4d4f129690647153491067cf4028021921262565fff00552045854e5bd6a6b8b8555c28cd517f9f0589273480bad3165503818aa33e7395cd4fbbe51f85569f990618f4e4530162e42f0719ef56881e5b67ad578f211770e73dea6704e7de8020002af2791e94b10f979f5a615c9e4f14f8f3b3028016404f438a6a673cf7a595b69007af5a96de352e33d4d0057b818270bbb278a96ce162b93c54d710e1830e9e9535b70a3d40a006c91045c28cf1d6a28a3dad963924fe956a47db8e339a8472c0fbd2027c055e3802abaf51cf15648f939aae36f99d781401607039e9509386eb538fbb55b001c9ce69816573b7e829fe94c53c67d453c722801a01dd827a0a78e48a60c6e34fff000a4034f0be94d3f77f1a7b74a69fbb40c17a52a8fe548bd29c0f3400b4c6ce45394521ea05002322b72dd6845da3daa39fef0c36053e2e84e7340120e833d3a53656da9c1e69ace0ae01a2420a8078c8eb40040c5b8a97d4d470ae09c1cf152374e0d00307dffc29d8f9cd341cc84fe14e1d7f4a0429ea3bd252b139f971487238a064530ca67b0e7eb4c8792476ed4f99885ed4c809dc6801276e471c53e1c143c629b38f97a77c53adcf51408468b9e0902a503f778cf6a8999c6410314f8810a39a0642d8c9183c63156236dca0fa5577dc0e4faf1565795e2801ddf3eb4d1d1452f71e99a073923ad00078a1b2178f4a3ae7141e871400d73c5568d86f1c0ce71565fdaaa0c9c1ef401665fb87d6a1c1c11d2a43930fbe2923cb6477a04420018e7f0a915b9cf34f68c85ce7349021232d8c5311321f94135599417273cf7ab3d8540739c7148a1a541c03f4a6f0a739f6a933cd35813da9884931c54448e993e95230da3f0a8ce73d052002a38e69cd8c2e3d680c48e4734879c71d2801b90dd7229cb81eb4cc9f4e3a548a4e09c5301a7db34b9c75e941271d0520525b1ef480913b64f1d6a68d464f26991afd33d6a58d86f38a00938e294f4c50bd3f0a5a064678cd729e2cd212522f2264899461f8e58f6aeacf039ae73529bed3e22b3b23feae206571ea7b5006359e9061fb2a5ce4dc5c3739fe0403271ef5d43b456162ee91feee25ced4154f5565b7beb2b893fd5a931b1f4dd8c543a9e9777732bcb677663122ed78cf46c74a0561348b73a8de0d52e595bb448a72107bfbd5cfeccb7b4bf9f53791cb153904f02a3f0b69f3e9d62c97246f672d807200a65d5e26a3aac5a7c0774519f32661d0e0f0bf9d3004d3e78a36d42db8bb725de3eccbfddfca92d2c63d4efa2d4cdc3b2039111fe023b7e75a7697c9713dcc0a08681829c9eb589a15dac7ad5cc287f713c8ed1fa641e6901d583814f1d734dc6452e722818aa283ce4d2f7c51d3f950023f4f7a6a74a79fbac7da9a074c500731e23d5aeb4ad42171244f6ce706203e60075a7cbe29b2f210c01e5998ed11e3073ef4ff0010e9f68928b810f997929d91a13c13ea47b57196a0e9dad44f76ac238e4e4edeb8a1099dcadadfddaeebaba302b0ff00570f18fa9ac1b1b31a8ea93a43717096d01da4f984b39cd747a6eaf6da84ef1daef708b967c607d2b125f0fdfc17f33d85e08a094f38e081401a7f61bcb601acef99d57aa4ff0030fceabda6b735f4ab05bac70c983f3c9921f1d76fad47e239bfb2f428ed6173be4f93713ce3a9357e0d3619f45b7840da5514a3af553c722981026a57367abc5657c63944df71d0608fa8adfcfc86b134d8a1bbbadf7718fed0b5f918fafa1fc6b73f80d0304fbabcf6a53f5148bc2d28ea3f3a4035beee69c9c8069aff0077a641a7afa5003b1c6693be4d29e474a3b81400c973b401e9cd361c6d1d4fad2ce480369a4873b01f534012f418a403a9ef4a690671d3ad0027bd307de38a9314c1f78fe1400fc605291c0068038a539fca8013f8be94d3ff00d6a7fd2987a50031383f8d3f1f5e99a62f7e7bd3c679a004c521a7e3181ed49de8111b0e2a28c54ac484e94c8fee8cd318eee31483af14bcf147d2810a08e4fb52363073476143e769c7340c7a8cf7a7f4a8d09c53d49c1e6900a783ed4848c1a0e6a3776c903a502149c9c63a53c0f4a8977139a98e71400c229a47cdcd3cd318e09a63237f4fc68c75a246e847340ce3148017f9d0d8c7271eb4d79028393f85569a42e48e40f4a622492e00c85efde99cb37a9a81c715329ea075c5002f707149f51460023934aa39a005382a7d6914118f7ab0908117cdc12281065507b75a0088267009dbef532c3195c8f98d36e000caa3a0148d26136270280252d1c6001d7d2a069199d81e07a527f08efcd20197cd00366c0406ab39006063838ab5374155df1d850048a38cfa5432850fdf3ed56141da3e9519543261b27231c5003e26511a961b8e7a9ab0ceaa0e106714d5800541861cf069f3c2eabc7cdc5005291cbfa71d314e81731ae3934889b9883d7b55f81004407f879a00ab35b3971b40dbeb562de108b9ef5331e319c6685e3f1a008ae1091c1145ba150771145c0e01ed45be76e5a801d2121bb54284920e41a9a563bfa678a8ba95e314809dbeee2aba64376ab0c3e5c0eb51229057238a009ba81cf6a8304b1ce2ac76a83187e01a009c0e053bb53149e334f1d850037b9e94f039a60e1e9e39340c1b18a63fdc1eb4f3d0e29ad4000f4e9c52fa0a45e48fca9c3a50003a1a636772f14f3c9c7ad31cfcc3d30680239386078fa53a3fb84f1d6a39700e734f8f38340866183648e3daa593fd5d42092fed9e952cdf731de800b61c1a987150db7439e6a53ed400c5fbe69e07af6a8d7995be9526703140c3afe78a3bfb507818a0f614010cf81c95cf39a65baf39cd4ee460e6a34dbbb8eb40874a40e1a921231903149707803d6884920e7eb400c94a96233ed52c606c1df8a8663893d054cbfeaf140109e5b6e4f07ad595eb55f386ce7f1ab2a79140c4c74a3f97a538ff005a69a0001c8c1eb47ad464e1b20d3b764500248783ce38aad1f2f8cf7ab127dd39e6abc44ef1d39fd281162520478cd360fbdce334e7c71bb18cd1163b0c6298122fcca73d280001f5a5e94d0dbb6ede47afad201c6a291402483d066a63d29922eea00aeb803ae734e1d31484119f4ed48c48c93d6980d979ef814c00106a46c95038a4c62901181c1a0e38c93c548a30327d2a33ce00a60040c7a548794c0ef49d8669edf2a8205004400e79a91140028c63ad3d064f1c5200239205108c139ce6a44ea78a781cf1400bd29dfd29295a818c61ebd01ae027befb2f8c64966fb9bf613e9902bd00fdd26bcdbc6368d16b8ee03112a8718eff00e71408ed2ea18aea368a4c346fc1158123ea3a398e28244b989d8ac68ff7aa794dd2785fe6256e162e48ea07f8e2b07c337cd05c34d7424786252370f9b667bfe9401afa87fc2417101ca2468472b19e6a5f05d95cdafda5ae6328188c161cf143f886e6f27f2b47b6f300eaee2ba0b49e46b5592f1040e3ef02781ef9a1018daa687733debdce9f7021f300f33af359ed1ad96bfa5da4472211f31fef139c9aec6295244dd1b2b2faa9cd605d5a097c5f6d201feae2dec7f302803a50700d28ed4d1f779a7773e98e2818f19ef4773cd1dc51efeb480420e05229c03cd3dba7b5307453401cf4d7425f18470372b14276ff00bc7ffad5a97b616d7b17977312ba7bf6ae659bc8f18de5c4cdb6281379f71b40feb5a3a5f8960bebcfb3989a2661942dfc54d08be6cbec363247a54714720e402383f5ac292c759d56e317cff66817b467ad5cf17ea375616f01b560864272c47a0e959ba7eb7ad5dc44416a9230ff0096846051b8ccff0015c33dab436d24cd3c4abb95dba81e86ba2d3aea78fc26b3229332427683edd3f4aceb7b8bab4b8964d6ed0b89700ca06428edc5759118a6b75316d689978c7422811c1785b50b83afa9b876733aec624fe22bd089f94f3dabcf8d81b2f17c3121f97cd0ca3dabd07f84fbe68e81d43f8473da9dcf51d685ed4a3f4a06238e2953be691f20734e008005002fa51ee683cb0a3a8a008a4c6ece7040a584e579a86427773c53e370ab8ef408b1da9076cd2af41483a7d28185307de3f85498e39a8c1f9cf1400fce33f9d38d371ffd6a5a0041c0a2971c1a69a006a6083f5a77734c5ce0e31d69e7a628003d41a43cb7d294f6a69ce68011fa1151276a74cdb41f5a6c59c0340879c0a6e7e614f20d34f4c8ebda98c42405a4241ce39e2a101d88cf029ca0a961dbb5202c230c714f0462a24e82a55ce39a005c734c6038e0d38676f6a63ee27a71408518038ed4f247351a924e0d4993c03400848eb8c544ec0902a4901db55267d9c9e2801c00dc39e94c965f2d700e58d5692766e9c0f6a88b64e7da8025663dfad20e4e7da93a8e297a719a600fd01a72f229adc002a48d096005001ef52461b76ec671cf34d5c07f9ba0eb533ca0a6178cd00299d48e879a7a4e853209fa55095b9c0ef4f8c00a00fad0048496c927ad18a414ec647a60500009e31da9a7827d714fcf3f41d699fc44fe14010caa5b9c9c5427a7cb9fc6ac4f8d82a33191cf0720500588c162147e14efb317e73823200a96c63206e3f850e4863d40ed8a00622c8191642d8ef569c3952011cd37a84cfad4a781f8520298882a0c2e181eb53c23f743bfbd3a5384e3a9a2dffd52fbd00453a12c0f5fc6960076609cd25c0e7a9fce9d16368c679a008ee88ea4d16e4951ce4517606413c75a48384a00799073cf34c0db9875c0a6cbb47245350f207ad005ae769f5c542376e249a959be53502f27af7a00b04fb8e950ef39ebed8a907dda87073ef40cb0a724669f9a8d3b669c3a7d680179ddcf5a78ce2a31f7bad3c1ce450029e9c75c530e78c1e29dd0f14d3c002800c91cd3836738a8a4e10d244c38ef8a009f07151303bbf0a947151b0f987ad00452e32a36e4d2c47e43f4a5655272c695400a769eb401129c90a001cf5a9a51f2540ac4907152cc73f293d7934084809dfc74a9c7a1a8add719e6ab6af7eba7db86f94cd2308e18c9c79921e828194350f104165e21d3f4951bef2f0b1c0e888aa4927f2e056d348a01cb28f5c9e95e700de27c49d06df527b36b95b6b89dde1c82cc42a8c83edd3e958be20373ad596b9323b3a5fea2ba6e9f1292065485690faf473401ec4d22827e6190338cd344d1b3a8591093c8018735e5fa9dfad94fe2799e469069d6096603ff00cb595b9c9fcd05581a247a6e9ba02e9e1a6b9d3ffd2a7b98cee2c110ee8c9cff0011380280b1e89733a46a033aab1e40240cd430cf10760658c103272c381eb5e5b7d749ab78434b2d27da351d62e633713af22dd4b6e65f6c282b8fad69e91a241e23f12f88aeef509d3d592ce28958a87318cb31c7fb448fc2803bfbbb88e37512cd1a6ffbaacc013f4f5ab1001b0e39c5794caef7de09d41e746b9f106a534b6d14047cd01dc55540fe15503767f1aec2ca2f10db4b16fbbb03a7428a24dd131958051b8e738ce41ed4011dceb57f7de22d4b4cd31ad226b0542eb3825a52c33c608c2f6cfad41a8f8835782c7c3d1ac36f0ea9a9cfe53c4ca59635da598f5ec00ae7bc49796bace9967e22d1a436fe248f688a38c10f26580313a9e4af5ebf5ad378d3c41f11d239da444d2ec320c6e5732c87e6c11e8a31f8d1e40cd5d135db9b8f146a3a1df244f35a451cde7c408521b23691d8f1f95760bd315cec36ba5f870332810b5dcca8d2b659a490f0327a9adabab94b3b392e662447121762aa49c0f61d6803035bd5754b2f1069b05bfd966b6b99c44f0007cd54c1264ce7a0c7a549e2dd56f34f9f48b7d38c467bdbc580875c9d982cc47d00ac0b68ed357f1ce99ad6805f688a417b20565575206d5208fbd9e7f0abaf30d4fe25c51fcde4e9966cca769da659080707be147eb4203ae271f9572be37d7cd8e8d3c7a5de469aab3a450a0c39dece17047e357bc73757965e14d467d3559ae962f9360cb0cf0481ec093f8570b7b3c0baaf872d6deda7fecbb347bbfb4bc6c3cd9000a33919eaf924d1bbb01e8b71a8c1671c315dddc4b2b614962065bfa66a592eedece079eee58e2863e59dce00fa9af39f07a2ebd61043ab3ddbdd34e67ba83ece507981b20bb9eaa303001c702ba4f88d04f79e1a6d3aca36697509a3b5dcab9d8acdf331fa2834c46ebeb5a6b33c7f6eb7dc91899c7983e543d18fa0a921d4ec8d92de1ba8becaea0acbbc6d23b60d796ea7a7b69f27897548ada4fb3e9f66b616b1b21fdebf5321f5019873ed4ba0469757fa459cb6f7a748b1b35369179276dccb921989e83a77f5a695f57b033d0ee7c4167358ddcf0df5b4714231e648df28723e5dde82b406a70d9d95b1d4a78639dd06426704e392a3ae2bcc61b6b9baf0b471cf63711cbaceb1e65da2c47e48d5b217e984519e9cd6fda4b7365af788ef2eed27b8bd6648ac2308483104180a7a00589cd26ee33bdb6b88aea08e7b6916485c0657539047a8ac8f126b965a669b7cd35d2a4b0c4ce429e578e3e84f6cd57f0b69979a1f83eded18acb7b142cc40e9bce5b03db2715c33c7a85ef8434db01a75d34d7b771beab2c91e1b3bb7381ea3e5c67a018a4c11db6817cd67e1ad35b5dbc2d7d2402594b0cb12464f03b0ce2b6a0923ba8166b790490ba86475390c0f715c04705dcbe22d760d56db512b7322c702c08363c0106177ff0008ce735ddcad1e91a3130db398ada30120857270070a053f31791ca6a336b9a77897492d7e9716d7b3b4325a088011a05277a9ebc60673eb55f50d7eeae2cb5fd4ad6e4dbd96941d222003e748832c5bfd9ce171f5ad2f0dde49aaeaaf7573a75e41398c8dd731ec58973c2273c93d49f6ac187c3f79278517c342292392e2f247bb948f9445e697241ee58600fad219b3e2cd5ee93c1915dd84ad05edd88921da01f9e42a00e7ebfa54bad5e5dc37fa2e936d31496f0b99ae31c844504e3dc923e9516bb04b73e29f0f58c56b3fd82d5dae259427eed582111ae7ea49fc054fe31b296f9608ec2da57d4e225adee0318d60c8c12587247b0eb4085f096a725e5c6b169248f3258dd981257e4b0daa4827be0923f0ae9461bbd73be1ad24786ad2cb4c8e29ee5e6df2cf7671cc9d4b37d49e2ba58d4fb74a00695183934f55e9e94f098ce00a762801abc669c38c1a5e68e71d3e940c40700d38ff00f5e9ab9da3752e739cd003474c7b5636b881dd26b628f776c7798b232ca7a8adace1393815cc4904b61e239ef9a19278675c064e4a74e31f85005e7bab7b8d3de64394284fd38e41ac3f085badae9b717773811b12727fba29f7b657376d3b58452410c9feb1243b779f61daaf5b6a166b00b6bc89ad828c6c917e5e3dfa502295af88eda2bc48bec86185cf1274cfb9ad6d674c7d53cb56b864b7519645eac6b0f5d9ed352d42d2da0922091b6f924c8000f4ada975887cb2964af7529e008c71f89a00e4259ae345d4e4b782e5bcb59013cf51d6badd1a68dae2596e658c5dce4111eee557b0acbff84624bd12dc5fcdb2e643bb0bc85f6a87c3d626cb5a78aeed64770dfbb9319518ef4203b70319fce9def4d19a77f0f5a06387b76a776a41c74a338e075a40237424fa52203819eb8a56185342f007b0a00e47c516bb357864c7ee6eb6c4e7d08607f515ad7da424f359cd16d8da070781d57d2a1d5afacaf6e9b4a3bccdc61d464237514c8f55962b77b6ba509a82fcaa3b484f0185302bdd597f6ceb999b26cad06dc7f79fbd5ed76f868da6f9b0c2ac72115470052c3776ba6bdbd8c8e7cf9067a7527a93f53557c4b711dcb2e9514626b9970704f083d4d001a56bb16a52a413dbbc4d2264061f2b7ae2a7d1d0da5dddd9a67c952248c7f743678fcead585a2d9d9409330768571bc8c605605e6b915a35ddd210d24d84857d87f11f6c93408b11c3f6cf184d38194b640b9ff68f6ae947ddfc2b96f08ea904dba00a56624bb33373237735d4b6769c7a503041f28e69fe94c4e99f6a7d00231ca9a7af4a637087d69ebd39a000d3598263eb4fea45472fcae0e32280239867048e6962002d38b6e1c0cf19a58c6100a009076a3b503919a465c8c52011ce1474cd4517534f97a600c9a6c408c923da98128a64b2aa155fe26e829f9e39acdd3e4fb65cdcdce731ab1863fa0ea7f3fe54d2bea05e590e01c714e2460d46ea55481f9522eec8c8e2900e5ea7152376a811bd2a52726800ce4fd291ba668ce31431f96802b11973939352c7fd2983a838eb5245c003da98871e4e7d29a475e69f4d3eb8a06276cd46cb824e695883c7e34d66e08a00950f4f4a7af5fd2a35f614f04f7a007ff5a63027e94f5ebcd26ec0148062919f7a9011f4a81e40ae3dcd39e51e59c1f6a042cb285c85e5ab3a76cf27ad4af92a70706a231fafe14c088ae0923e94119eddf152be401c526de7eb480451c5211c9cd4854e0903f1a611cfe34c050bb885edeb53b950542751deab92549c719a900c7140124e41c11d7bd443396c9cd38fae69ae0e3dc50044df7ea751c0c557c1ee39ab310eddc8a00503914ef4f4a179ce297a0f7a0050335193c91571633e4e31ce722a9bab6ec608348064a85f0abebc53c5b812292c368a9bcb28a0e3249e695b00e31e94c0b23803d2abca581e7a7d2ac01f28a8266f9f07a5201e3eea739c54927fab3838350a316032319353c80118f5a00ac55f1db153443f7639a8cede79a963c15181ed40114e33c8c115244309c53260c5948f5e9522709c8a0086e01ddcf22990671cfd6a49dc29e466991b86526818c9fae37019a629f9d7919a99c2f1baa1c2f98a45022c3fdc3ef50c6096183c54afc21ef5144c37f03045032c8e16abe39e315376fc2a0523233de802caf029ddc0a603ed4f1da80106726947079a438c9f7a62b64fb500483a66909efc50318a46e9f8d0032562107149174e80524a3814b08eb8e680260492a29c796fc291318a0fdf19a008a553bb34c8b210e0e0d4ee849c834cd815091d4d00443208ce2a693800902a118dfc8eb4b70dc01da802588827a6314490c733299635728772ee19c1f5151c078f7a9f200a00ac2cedcdd99da08ccc3a3951bbf3a916da00a9b618c056dcb85e87d45397ef31a9128039ef15e852eaeb65142604812e92e2e15d32650872178f7c7e55b51c11c11ec8635453d9460558c7f2a36e40fad00509ad61440a90c6aa0ee00281cfad3ad915376d555e73802a6b8cf4ec454310dade805003a4861de582a2b67920734f8a350090720d366f6ef4e84fc872450042cb0ab82214de3b8515611107cca8a0e3ae2a190863907eb5623fb99ed40142ead20ba96133a17114824507a061d0fe157e4fb8401c77aaed92e7048e6ad1185e39a00af0aa038550bf4e2a528abf30033eb8a6ae43f4e6a561f2f34010b8c9231c562f89f4dfed4d0ef6ce3631bcb115565e307b7eb8adb7cd4121fbd4d3b3ba0313c15a8ff68f87e0924004f1fee6603a875e0d6e48eaaa4b10001924f6ae1b47ff008927c41bfd3c0db6da9462ea2f4f3070e07f3a9759b99bc4babbe8ba74a52c20c1beb843d4ff00cf307f9d744a9f34eeb67a929d919be22d7c6af3451410492d899bcb8620706f2407ff00401dcd77fa05bdec564bfda4d099cf3b225c2c63fba3d6b91f065ac5a8f8af52be5402cf4dc595a2e385c7de22bd0874a75da8a508a05bdc6951b2ab2fc87ee9ab87a531c0e38ae52844230297008f7a4038c6294678a00081fe1477a5e78fa521a004006052e32285e052e7f1a00681da938381ef4fc7029bce0e3d68010e39cd387ad37d7eb9a703dbbd003beb49e9eb4a7a74e68ef93d28003d33ef4a7ffaf4d19c538e7f1a0068e868621549a5e703d291867ad004123a98c804e48acdb8d56386e16d6389e7b8232553f847b9ad6dbf2fd4d60cd6aba6ea975aa492feedd4288f1c96e001fa500492ea9046c45d2bdbbff75c7defa7ad4267bdbf045b59c71c59fbf71c93f854373a5c979692dd5e9cdceddd1ae788b1c803dea5d0afe5d4b472f1102e93e539fef0ff001a04654f1dd5aea11c370966be7711c8211827d0d6cc73de58c799ed239221d5adf823f0ac2d4a5d4758bcb7b67b4689a293258038fae7d2bb212468cb1b3a872338279228020b7d42d6e2032c72a141d72718fad51b3d6fed9aabdb5b5b97894e1a6cf03deb8ad71163d6eee1b763e5b38f954f1fe726ba4f0c698d1c8b7569725613f2cb115e723b1fd6840cebc74f7cd3fbfb53003de9e066818e039a5e4d263a13d697a7d290073b693078a56e9483a0fa50062cba6cd6da94d7d64226330c3ac9c60fa834c7d21efa6f3b5370ceab88d63e027b83eb54a6bb13f89a4b3bf59045c085412013eb4973752d85f343a7486584e15fccc958589e39fe94d0866a1a2df25dc17705cc73183eef9bc123d09aa7a7b5d59ea9737734504b34c781e78f97dbf953f54b5b93ad58dbdcc934d1c872ec0614fb0c74a4b5b282c3c4335b5e44a6de7e6166e839e9fce840694d6ba86acbb6e268eded8f5488ee2df5357ad345b1b78828811cff0079c6e26a9df68ad1a99b4995ade65e4203f2b7e1548788eeace006f6d379c95de871c8ec4763401a773a05a3cf14d6ca2de68dc36e4e323d2b5d87c8315c959eb37baddfac366a2082360d2367248cf4aeb588c007a919a06394714eff000a68c7e629fdf9a006b7dce69e3b7b535b95f4a72fad002e3241cd1da8efed48c8181539ed4805c62a3519039ef4f760173d053531dba1a6049d8d07a1a0f02a367009a4024b8cfbd0b923af7a8d9f39f4a7c58f7c5302beb1742c74abab963feaa266fc71c526836df65d22d63fe2080b7bb1e4feb9aa1e3324685222ff00cb49238cfd0bae6b7146230318e2af680ba914b9dfc1e951ee21b248da6a6910119ee2b9af1aeb2da1e8d25d451f99333ac30a9e85d8e07f9f6a98abbb2037908c1e69de62819240f527b5720fa7dc5be98f79ac6b175be256925685bcb40073803dab9dd1a0bbf12ea36fff000915cdc0b19e33359daabeddc80f5931d4e307f1ad634d3d6e2b9e9b1dd4123ed49a263d80604d4ec410706b8f9fc07a0c8a0456ef6eebd248656561f8e6b4f40b3bbd3ace5b4b9be3771271048e3e755c7463dcfbd4b8c6d74c7a9aa149c90c302950b0e49007bd735a5f88a21a04f7d7d90d6c08931c6fc70081ef4cb5d12f35e48ef35eb896389f0e963136d541d8311d4e29fb3b37cda58573a982eade672915c43238ea15c122a7c6e06b0ee3c29a44922c82dbcb70bb418d8ae3df8efef51e993dc69978ba6dfc8f3c727fc7b5c375603aa37b8f5ef4b953f8585fb9aec8770cd210003f953e560a00eb8ae686b773fdaae92dbaa58f9ff6757cfcc5b1d7e84e454c62e5b0dbb1d283d8d48bf77ad5646c8ac5f10ea771a66a3a54a1c0b196530ce0fab6369fcf34e31727640ddb53a61d4f3d2a19e458b92df85324b803213f3aa6c49e58e7eb520481cbb7352f6f6aaf1741539e47e3400103b50e7907d694fe9dea290e5b07a5002ed2cf81fad21218f41f8534be3201ce7a9a70e39ef4009b880403c1ed484f3ed8a51de90d0034f5c9e94f1c922987815246a777a77e6801ca7239e838a8dc9e94fe87144abbb6ede7239a008538ce793eb56635603383c75a54870339ab0b9c74ed480862566384eddead08810a5b04d3a303ae304d3bb50000f6cd447ef12714fe99a8b233f4a063a425476e7d6a32181e7f4a26618c5315871cd022da8200355652dbba715647381504c792b9a00729c9439e2a77c85ce7355546e68b3d6a79bee30cfa503206561ce454d0e446a09e6ab3631b49fd6acc0079639a043242dbbaf039a7a676f3daa2917afcd5201853cf028023b8c93d2a28f232a7a54d236dcd3370601b3d6818d981c83c0a897395e69f37073d7daa34525c73de81169b3b5b150c7bb23a54c4e149a89397ebde8027e6a13c1276d4dd8d41fc7c919a064c393ed528e9d2a34e33e9532f4a008c8393c544a0e7a6054cddf9fad444fef319a044809e698e7a0a06691c8279a0624c70a71e94db6248e69256f9719eb4eb5071827f1a00b283e5e686273c528e40f4141196f6a00864620d2fcde5d35f01a941251b14088b3b88c039cd3a7fb9cf63491839cf5c53a70760c50312dc63f3a9c0e6a0b724a9f5e6a6624038eb400d5fbc6a419c8c9a862dc73bbad4f8ed400aa3af34bffeba10f6a5ec690105ce3673db9aaf0e371ebd3bd4f727e53f2e45450039ce29886cf9ca9ce29f001b32724536e38238e453e324af5a0063801f6ede2a68b94e460540e4863c938a9e339419cd000c8a0fd3814f6c79630719350ee2cdce4f38a99c00bd3a5004483e73cf4a95ba1a6c646480b4e6e782280227e84555723239ab0e72bd3af1542f6e23b6b796698858e352cc4f6032698cf3cf8bd78b68ba5cb693347a9c72928ca32563230cc7dba5757616f69e1cf08c925b10c9140d3b4a7ac8d8cee3f5ae7bc37a51f12db6adac6a2873a8ab416eac3fd5c3d062b32eb54925f85bf60624de2ceba6b8ef90d8fe42bbb92f1549746aff003ff222fadcedfe17dab5b783ace494fef6e374edf5639aeb80f7aa5a4db8b4d36d6dc0e228d53f218abb91dc572559734dc8a8ec34e4f14879039e3a53c0ef8a0e39fad6431983c1cd0149c734eee1714bdb8e9400cda4938346d3c0069c3a6314a473400cdbc0e69a01ce7352914de98340005c8ebcd0578eb4a08e33c5283c1a008f61e39a0a92783dea4e2933ed4011f391934df34038cf4a7310066aab390c78c0a044e65007d697cde37735577b64f1c53d5b23a75a604e251ef814d330d8715106014003a71439f978181401289463bf5ae4fc53ab7d9f52b6454122c5fbc2a4f53dbf2ae9d79c71c7ad79e6bb13def89a6853ef33851f9526076136a0b2688f7a99da63c81efd31f9d72de12bd9e16b88ada2f3669305549c01d724fe75d8c5a74234a162c098b66d38fe7f9d73c458f872ea16825dedcac884e5b69c60fe18a605a4d7eeacae9e3d5ed8a0ecf18ff39abf796906bb671ca86485867cb72307ff00d555a5f13696f065c339c7dd29ce6aee83acc1aa190428c8d1e32a7d0d0053d33c316d6e0bdc933cb907278c77ab3132da7885a15fb9709bf1fed0ff00115a1757b6d6b813cc9197e818f5ae6f5466ff0084c2c5c3650850b83d7ae6803b15208041a78e0531780053fd48a061d47bd29fd28e7a51d0d2011f8439a17903e94af92a71d693241c7b50063f892e85bc31ac417ed93b08e3623919ea6ac5be9f0c561f65c65483bc9eac4f535ceebeed73adccb10265b4895e31ea4104fe94f3af1d5751b1b7b049536b87949f41dbe94d0ba9b9a54fe6c6f04c73716e7637a9f43f88aa5e3278e3d2199e25762c1509fe13eb54bc4d2c9a56a76ba8c0c3738f2de3fef639ab31eb5a56af69e55d32a67ef472f18fc68dc633c3dacc53c36b681a59a7d997623eefd4d4e6de3b8d4f50b69143432468e47a37233fa0a43a8e97a74616d446f2630a910c96ab3a34132acb757802dc5c1c951fc03b0a622af87562b7967b37541710100b0182ebd8d6e37ddcfb57277b722dfc6f0053c4881187f9fc2bad7fb9e948639465569c29aa4814e3c1fad0023f038a51dbe949274f7a50383400a70314a2a0dc4e07714d0cdb73ba801d33124ad3a2e541f41509cbb00dc354f08c01e9401275350b29de719c1e6a71c5275e7da9010327cbc9e452c049ce7d69b265df00e0d491aed1ef4c0c3f1d216f0cddb29da63db2e47fb2c0d6e5b3092de370c18150723bd47a8db2de58dc5bb8f9654287f11595e0cb932e8b14129c5cda9304a87a820e3f9569bd3f47f98ba9b33388e3666202a8c924f00579678f3c596571690be9ab2df8b2bc86690c4876000f76e95e97ab5afdb34eb9b60db7cd8ca03e9915cbdc59c577e1f9f47bb48adaee580a6106012070c3db38a74ec9f3307d8e5fc6da86bd7de0ebd77b1b7b3b3915436f90b49b4b007a71deaf582268ad6e2d049ab6bd750868f790043181c7b2aff3ab962e7c43f0e648eec8499edde3908fe1742467f35cd67fc238ae24d0ff00b524f26792edb0e4121a3da7017e9ed5ba6945aecc93621d2bc49737064bed6961423222b7880da7dc9ea2ae417f73a74896fad152ac76c774830adecc3b1fd2aeeabaddae9b2ac7711dd339191e540ce0fe22b9fd73fb4fc45a6cf1242da6e9c10b3bcdfeb64039c01fc23f5acd5e5f12d076399d1233a8dcc760c15ada7d4df70ce432444b7f3615ec4802a00a381d0578ff00c3e0d0f8c6d2c8aa88e28649940ec1d233fd0d7b2281834f13a3482234e49ac9f115bb4da5caf1ff00ae87f7d19f465e47f856b9238ef599e20b95b3d16f6773c244c7ea718ac20df32b0c65a5da5ed94171191fbc40f8f4c8ae2127792dfc4b1b67ccb4bdf353db85606a2f0740d68f6d22cae6492792094339200541c63b608fd68bf93ec7aeebf6ed8d97b662743ea554ab0ffd06ba1c7924d2feb5253bad4ed25d46dedad639a79523560082c71d6b86f883adc57fe1fb95b05b89e681d66431c4768da413927d81ab7acddcb65e1dd3af770091188caac33b948c11fa8ae89e28ef2c5e201424d195200ec47ff5eb35687bde635a99165af6b17d656f359e8a4891158492ce029c8ebc734f77f15ca32b1e950fa025daa3f8677666f0ca59c847da2c1dad9c679f94f07f115d504f5fad39b5193490230b4db4f10fdae27bfd4ad7c853f3450c18dded935d283dea351daa41c0ac9cae314f4a8654ce7f3a96992025720fb520215feb4feddf39c533152a8e3eb400814f14119534f1cf5a1000df30c8cd0046ea782d919a7a1207d2ae346b220c8fa53a38427be7d6802a471e704838a998606d5181523e3bd46d823ad20157eef1d4d4cbd381ce2a25fbbef53a0c0eb40c51d7a74a1a9477e7bd0470734808dbaf1d0567fdb20372f089a3f354805370c8fc2af37b1eb583af68d6da9c4e255d92f549538643d883571b5fde13f22a5fcd7baa6ad2d958ddb5adbdba8334918058b1e42827a605334bb8d46c75d4d2efe7fb5c1344648a76501c152320e3af5ae53c19e2896ccde45a8db4f2dd4b7ad6e2641f2b3af0327a0ce2bac6956c6fff00b575eb982dfe4f2a18c1cedc9c9fa9aeb9d370f75ad2df7bfcccd3bea75dd0d43248a3dce6a04d42d6e2c45d433c6d6e464499c0c56278675a8f56d3ee6ea49500866742c30005078fd2b9792566fb1a5d1d22f215b18e6982ea098cd1c6e19e23b5d47506abc5a959490c0f1ddc0cb2b610871f31f414b6f75632c93bdabc0f2236d95908c823d6972bd6e82e636bb7f756d2c71d8c28f214695bcc3fc2bd87b9addd22e52f74eb7b94042ca81c0f4c8e95c478ff00521a65ee9f78724491cb6caabcee6600aff2adfd22ead7c3da069d6da85c2444201963dfa9fe75b3a77a69a5abff0083ff00009bfbc6f3a83c9ebde95701703a62a166f336b46c0a119041e0d3d7213f4ae72cab793c7130df22264f01980cd3e020c63d2b8eb2b0b7d71efaf3524f3a5fb4c90aa39388d54e001fcff1ab9a0cc6c2feeac3ed1bed6089641bcf31e73c67b8e2b674d2ba4f544dce8ee08ce0f3c53411e62e01e2b97fedb93c4170d1e8772218614dd25c3203ce78500fd3354b4ef1a878c27d8a6b9ba80117061c044c1c6727d719a6b0f3f98b991df3631c8a890a6ee0608ae7f5cd6e78f1069aa8d7220370fbf90a80743ee6a6d2f5db7bcba8edf7626f25652bdb0403c7d323f3a874a495c7cc8e8738cfd2aba18dd9b638620e0e0f4359da46b2baa497c238ca416d27961c9fbc7b9c76153dbac31abbdb84d8e4b92bdcfad4ca2e2ecc69df62af8a7579748b0825b70a5e49e388061c609e7f4ae88370315e63e36d53fb434cb16f2648e2170b3abf5dc8a793fd715d81f166909730db8bb124b2018f2d4b019c6338e95bca84bd9c6cb5d7f427995cdb7e322a8dedc0b5b7967647758d4b155ea40abc183ae54823d41ae53c55a95dd8dfd84702868252fe7023ef280381ef8cd6308b94ac8a6ecae743637715eda4371036e8a45dca7da9d29c571be0bbd4d315b4af384f0147bab4914e498cb72a7dc1aaebe3c865b36b85b72aad218e10ce32cdd8115b4b0f2e66a0b4279d5b53b7908c28a96dc8c13ef5c149e25b8d4675d2d5d74ed42225ae8f50880039527d734fd0f5fbabfd6346b0371be74491ee8af01b1c2e7dfbd1f569daec39d1e88a7e5a31cd7210f88bfb3755ba8b51666b079f64773d5626feeb1ec2ba9b4bb82f119ed65495518a92a72011dab29d294357b149a612f0dd0f5e94a394c0e289c12c303a52283e59f5eb598c4552a739eb44a79009c77a6166c8fad4b2741c66801b0f19e7bd3a5c776fa50aa0af0314d9171c91938a005833c83ebc54c39a8a2eb9c639a973cf4a0051c629e7a014c1dbd69dda8021b81f275e6a2881cf5e952dc731fe350c60738eb4086dc0cb75c7bd2c182bc1a25e1feb4b08f96818d909cfa7a54d193b476e2a1949ddcfaf152a1dc84f34088d09dd8cf39ab4fc2d558828722acb8caff85031919e99a56cf38a45519ef4b21e33d8d022bbf1d0f7e2b88f899712368d0e9b03627d4675b70075da4fcdfe7debb698609f5ae1fc40a6e3e20f87a063fbb8d259b04753c56d43e34df4d7eed452d8eaec6de1d374f8608f6a43046073c0000eb5e49afdb4cbf11ec6c2d594e9da8dd477dc1c824020e3f535ec175025cdbc90ca331c8a5187a82306bc527bd7d2bc7ba1595f0445d36e1a153d331b01b4fe9fad6f85bb936b7febf514b447be2741522e7bd40188418e9522139ae3651229f7a4edf8d007028cff003a818aded463f2a1a834c04e8683de91b000cf151b4cabee476a0094f4007d690f41c8aae6e064f078a6b48d8c74a02e59ea46294b61727ad53f34f76a6e4b3706815cb4d2ed3c726a2791986338f6a8769dd93d68ee4134c07127279cf7a4e71c608fad2119e79cd03a7b1340010d9e294673cfd2933c7539eb4a071d7ad00080e0f6cd23720f3d29d8193e94d0415e3d28004ce001c0ae62583caf1aa39031221607df18aea00e31591e20545f26e52444b985f720638dc3b8a00b3ac5c4d14090db1fdfcec110fa7a9fc05416ba6e9fa7441ae0a34a47cd24a7258d446e62bab9d3ae5187979643fecb11d0fe5526ada44772b7170e249a411e1101c60e0f4a0079b0d2f59b52d122104e37a0c106b33c3f6cfa2eb735acc0149d731c9eb8ed573c1b1a43612299034c5b2e9d0a76ad4d56d45c43fbb204f1b078cfa1a00c63a47f69eb57f25ef99e526162eddba8aa9a55bb36b3696ee4b9b33202c7fbbfc3fceba6fb7411d87da646c26391df3e9f5cd53d06dd63967b89ca8bab96dfb33caaf61401b8a39eb5276a681edde9e382281880e49a5f5c75a4e99e38a07d3a5000ff007681fd291f38e9c9a07b0e6803925575f1cbe07cac993f4db5d2c36b042ecf14488edd4a8c66b37538d6d359b5bf23e4606173e99e87fa553d4fc51042ef159a99670c570471401a9ace976fa9c0a972cca10ee0c0e08accb2d0f44910c71049997a9df9352e9da80d5d65b3bdb778642b965e4061ed556fbc3690cd1cba65c1b5941e84f068115e6fb27872f1f30f9a245dd1ff007979c119f4add8753866d24df28223d85883d723b572be2cd3e5b5b68279a669e56243b9fa700574ba3d8c63408ada419578be6fc7ad01d4e274d9e6bff135bcee7e679777e15e97c7955c9f877458edb5bb892390cb15b8d8ac7fbc7a8fc2bad61f2103a50087e0607a52f6e7a8a45e8091da97bd03124c1039eb4ac32a683c81c0c50dcaf3c52020420bf00d481405e6a3888dc7391563191cd302baaee6c8fc6a68fee7b544a30cd9e39a910fcbd39a0071700e29c0f02abb732670476ab03da8021931b8f078a7a1cf6a6392cd851cd3a2c81cd00484e335cf6ab677765a81d57498d65765db3db938f300e854ff00787eb5af7b2f948ce49c2292401926b9fb7f154b2df4d6834a9c5d436a2e9a2f3016da7381ecc71d29c65cac5b9a163e22d3af0f97e788271f7a19fe4653f8ff004aadae6a3616f03cd77242c801c2f0c5bd80ef57ee2ced3504437b6b133b0dc15d4122b1ad6deccea7729169890c56a42aced8f98e32703b01c7357ee798b531b4885f4af87b78f7aad1978ae2e1931ca07dcc07d79acbf0bc537856c2c352b759a7d1eeed91aea24058c326d1fbc03b83debbcd520171a45e43904490ba71ee0d735e06d567baf0a5894b473141088d99ced2eca30768efc8c735a2a9a37dd858e9ec357d3f528166b3bb8264c672ae323ea3a8ae7fc43ab36a73ff0061688dbee271b66b95e5204efc8fe2233815664f0e683a82c77777a7c114cea19867630cf66c56968a9696a6e6ded2d12d6de0600382a15f8ce78f4e9cd42708bba1ea70baa6913d8fc4bd3bfb26e3c89ce9a7cbdfcac863382adf518aed34ef15db9905a6b0874cbf1c79739c239f546e8456078f6f2d6cbc47e14d40cd0ee4ba6808dc3255d704fd0115d43b596af14d06a16b0b442531a79acac24e3aaff875e2aa53528ae60b1a925c4491798d222c606771618fceb90d57528bc43769043222e896ae24baba66dab291c8453dc67a9a917c29e1a08d22c2af1231054cc4a023af19c512e87a25f48b32dac122a10aa10e570071c74a51708bba077392d3350b5b6f16de5d4af245a45d48cd69349c4664380fcf6071c668f887243731dabd84be6df46c7e480ee63091fbce9db1fcab76e2f16efc4126882d6da5b48a05965dc3ee8624018e9d8d4f63a6e95a4cc52d61b6b6965c0c7019b3d853f6aaea5d85632bc457fa75f783674b79d248e7410c6a0fcdb89000c750734685e225d2f4d4b2f10092defed93683b095980e8548eb9f4a669874bb8f16ea492db5824d6b22a44e38791caee6e0f52323915d42cb6c6e56395e1f34e76ab11938f414b9e36b582c727656d3e84b69af47049b2e14fdbe151c8563957c7aaff2aea8eb96b38816ca78e796e0e2358ce4e3b93e800a9b4ad4acf538e76b2916648a431311d091d71eddaa7b6b1b3b495e4b6b686376eac880134a5352d5a0b58b4a73f5ef530e84fe150a72791d2a754c951d33598c6160a4034c2df2f3eb525ca6c2371ce6991c5bfee91c76a4046a3e73532a9e07e34f4f294f20e738e6acaed0a0a8c0a008bece4f538a9a38d5546473de95493da9fcfb0a004e06053db18c9a61383ed4e2474cf4a064658163f2d3586771ec2a503d69a4714088d075f6a994f04629b120519ef53150c322801aa41fca8278a00da78a6e3afa1a0635bb55795739038ab58f4a8d97e639a00e1f4df0898b4dd66d2fa4056eae4cf0ba1f990f50df5cd644565e247d661bcd42c2dee4dbc3f66897cce3767fd6907daba5f1a6acfa75ee8d045791da7da6e184acfb71e52a12c79e873b7f3a93c377d753694f71aaed05659364bb7607881f9588f718ae858995db6bfad8870473faa683acdbadbc314715f69892f9cd6eadb58b11d3d3683cd5a87c0f1c7730341335b5a49f3de5aa1f96461c8fd78ad9f0e6b93ea9a8eb29342b0dbd9cc91c5cf2c0a06dcde9d471595a3de6a77da05ceaeb7fb732caf1091018fca5738ce39e54751eb43c5ceda07b3436efc0d19935792de451f695cdaa74103f5247d4815626f08dc41616e34dbd5b7b86b7f22e4b26e5941e4b63d724f356352d6902e8f7116a096d0cac923875e258d885039e412ccb8355bc53ae5d1d634ad1f4a60b2dccdb6e26182634552c40f7c63e991eb4beb352d66c7ca8c4bcf066ab70d11bad51661a7ed6b052981b87397fe553dcf87b59d72fe1bad612dd62d9e49b75909551ddfea79a9edf50ba47f12dedcdeb8d36d731c0320ed2a9976c8efb8e39f4ae87c302e468568f7d33dc5cbc61dd98720b0ce3f0a6b153dffad44e0b6321e2d67c345574d8cea9a6e401033625847fb27b8aece36df0a3152a48ced3d47b572cfaacf2f8badaca12bf6336d24cec0e4bb060b8fa0cfe35d0cd731dbdb3cb29db1a0c927b0aca7539d5dad7b956b339abfd2352b5bfb89b45bc8638ee64f3248a742c15bb95c7f2aab378485d79323ea370b291b6e4a1c79e339c1f4ab5a46ad35f5eeb925c385b7b69fca8d40c14010139f7e7355b416bbb84b0bbb7bcba9a194169a39c70148c8fc46474eb551ad35b09c5189e12f0fda5f43aba4ad341b2f6488ac3215054638ad6b8f0bcd05e88b47922b6b09a358e7047ce029c9c7b9ef9a691fd8375e5c170aefa96a438c729b8648c7d07ea2ad6b17b1c7ac5b83a9b5b88e23be05272ece408ff00507eb5a4f132e6ba7a7fc012822d787bc3f2698ba8fdb6e7ed46e4854623958c0c053f8564ff00c2158bb59ad756ba8c01e585201023e32a3f2eb56afeeb531e1cb08ee27587549e64462adb720365b18ea7603c51ac5e4fa5da1bbb29259a6b811dbdbc12b6543b1c0639e7a7247b547b79f3395c7cab62e5ef869da49058ea12da5a4caab2c48a3e6c0c707b6451a2786974bd4e4b8b5beba36ae9b7ecaedb901f5156eeacae25b28635bf992e5591de5538df82370c7400806b1bed72c3ac6b7a94b74e74fb28046b0ac9c07552ce48ec795152ebced66c6a28e92d747b68652df3ba8042a39caae7ae05501a0c9637b3be8eb690c372a04aae872a4775c7d6b2627d4ecfc1da75ef9d336a2be5492c65b7799b88050e7d9bf3157fc6dadcba7787ef4d8cf0c5a8084ba87600a03dc0ee73c0f7a3dac95f50e54c7dad96a3a15e01685af74c95807898fcf09fef2fa8f6adabdb3b7be5f2ee50489d70dda8b2252d214958b38400b1ea4e3ad73de11f364b8d66fa6925315cddb0b7466242c6a00c81db2431a2551c9dfa82433fe102d1e198cb6bf6980904158e660083d47d2aa4be06b3fed0825b799a2b58e5597c8da0e187a13c8adb4b6b9bbb8bb935371e46e290431b100263ef37ab1fd2b8fb39efb5bf073dbb4ee2596fda0b59d9cab342ae486c8ea76861efc552c4d55f685c9164d73a55adc7c5375bd89648ee6c15d73c6195b1fcabaf93c37a65c5b4712c1e56d24abc24a3027af22b8136179a5f8be7d69a29d34882ddc0f31f2542a658f5e0135bde100fab69fa71d4e2bb8aeede38ee9a776da09624ed1cf2303073553ab2b46cfa7f98adab3a2d4b421ff08ec9a6694218849c132aef0413c93efef4be07d0e5f0f6862c6699257f319f7283deb9cd2034dad5ce97ae34d0eadf683736f70ae425cc21b202fd1700afe35df2e38acfdac9c5c7bea572ab8e7ceec839a6a82148cf26976f191de9bb463159811ff18c9fcaa675dc3eb50a050d919a7ccd8dbcd004918207b547372724e314b0b7049e94d940383f8d03162603a915329c8183ef55a155624e38ab0b81803e940120e07bd2e7a53474fa519c75a0064e48040a863cf1eb4e98e18e7a62923e59881c502197048207eb4f8beef3eb51cac0b104e2a48c829c50045213bb8618cd325bfb4b6222b8ba822908c85770091f4a575dac4135c2ea325ddcf8db50bab0b486e4e9b6896abbdb016490ee638c738016819dcc1776d3a34d0dc42f1213b9d5c1031d726a66d42cd6380fda6222e0e21f987ef0fb7ad719a95ddb249ab585b470456f0406e6fe471f2e5978503d485e7dbeb5997577a9eaafa0c8a9696b35969efa8ca1d098e22c36a2e33d86efca901e93e605650cc01270013d4d3a4e9815e789e26966fec5bbd46da28d134e9354ba5284b4585c0da73c6727f2ad5835fbd3a8e8114f1c79d4e3795e051cc2a143039efd403ee6988e96e5d5033bb0550324b1c015e79e34d42d6d757d235a827491ad2431cb183cb46dd481df1ed5abe2599af3c6fa1e8f37162d14b74e3b4ae840553ea06738fa541e23d5ecadb56b886f34e49a2d3ecdaf1e60c3e4420ae36e3a9c1aba73e49290357d0eb6d2ee1bdb78e6b6912489c64329cd7927c73d065965b3d62ca33ba3f925651f77072a4fea3f2a94e9696973a63c17173a7cda8c325ccb15b4a425bc6abbb383d7a81f8d666a5a8eab7da4476f757b7221bbb27b964750584790109e392c71815bd294615138b275b6a7a5fc3ff129d6f4a8a3b8429791460b7a30e80835d7c64e7ad786fc31d42eadb4e7b2b185fed82033339c33282484539e00cab127e95dfdf6b1a95b6ada559cb3451a5dc423f3d10327da460946f405738a8c428aa8d4471bdb53b90720553fb7db1d41ec44a0dda462568f07214f19acfd73556b3b9d3ec2df1f6bbe7654661c22aaee663f87ea6b84b3d7264d76faee194dccf7f7a34eb59368cac30a967207033b8b01f85732dca3d555804c9aab777f15b42659a458e35eaedc01591a13ea0d605b54753299199471954cfca1b1c671d6b8ef1e5c4fa99d3e248e5164750b748a4040595bcc0589e73800103f3a623d1ddcb1381c1e6a366c13c75ae3ae2ff59bef14ea561a65ca4167690445e578c30591b2481ebf2e3e99aa53788ef2f6df4a9ed6e5607d4af7cab78700fee149dcc7dc8527db22981de86c8c62991ddc325d49023a34f1005d33ca83d09fae2bcfa0f12dfc938b75bb0f25e6aa6dadd8201b218fef9fc4ab8152dbeb77c67610ca1e4d4f547b3b699907eea18c1dc78ea72ad8cfad03b1e83dfeed38b608da06735ce785af6e2ef52d6a132b4f636b3ac504cfd59b68de33dc03fd6ba465f714002b36ee450c3b851c9a4c0f5a08ed4085079c014993fc20714d19e293072769f7eb400e39e78c62955b38e28e41182290763914006e04100526401c2e28c90719143743cd003949c0e2b98d434bbdd62fe433bf916d13158c6324fbd74c8a76f5aca8f59b737d3db5c1f2248db1f39c061ea280337fe11d96da2716972cdbbaa38e09f5f635774ed565b6510ead13c720e3cdc655bf115767d4ece042cd70841e814e493ed8aa36d7d79aaa93656e915be71e64c339fa0a00a1aadedadb6b36d7d653a307f926543d4525bde492f892e2e6d239a68caed50385638f53d052eacb7365736d1c72432cd3b63021518ab16dab5e5bea32d94d6f1cae833fbbf9491ed40128b59edaefed57d179b0b12fb23e444deb8eff005a49ad52f75db6b9d38ca181dd331042e3f1abff00dae2e5d60b18cb4e7ef89063cb1ef4a6fe6b2bbb782f3ca6139daa6318c7d45006dafbd3fbd310739a7fd681887a609e7ad03dfad03f4a3ae6801ac0f0413c528eb4adf779eb42f5f6a00e57c53a85dda36c96089eca4f940cf27fc2b93b2f32defadef6686410798096238aefb51d22daf7518e6b899c95c1116ee0fe15a124114b118de3568c8c15238a100b018e4412a6d208c061e95c4436336b3acdef9f73244f0bfca076e4e3f956fdcdac7a72e6db50fb2293feadc865fc8d604f70cba90b94d46de395be56658d807fa8a0474575a74977a335addc81e60bc3fa91d0d67e9da94f73691d85b8db751aec95fb201c647af4a9ade31a9605c6a9e70ef1c47603f5ef5a4fa559944458847b785643b48fc680339ee1b49d4ac34f8114c328f989fbc4f735d0b9caf5acfb5d32da1b9370bba59fa6f76dc455f7fb98a0078a51c1fad2023814bde818d71c0c7ad38f0a79e941ea286e01340114472dcf34f770a47d29911c31a988e3a67d2802046cc879e0d4b1f4eb50b02ae49153a741401039cc990735299141ebcd43d5c71c6734f2854b100104f3408421b3bc7029f09dc09f534ddcc530a9db14f84158ce719cd0320bac039cfd6b8df0b4974fa8f8a758fb3966699a389581562b12e10018e84ee39fa575925ddb4b2158a785d89230ae0e6af4630a30074ed401e6d63757b7f79e1a69209fcd9b7dcde4e626015c27fabe7a0c91f9566cb6f72de1cba580cb0ea53dd4ba8c6be5b18db6b8db11e3a15c0c7ae6bd6d80c70055297bf1d281181a8437977e12b886ce236f7f7168db573c47215e87f135cc7c29bab8834ebbd26fa1923bdb593ccf29c61b6bf3d3d339af468fa571be2c864b7d62df57d23649a9da27efadd4fcd3c07a8fa8ea2b4859dd3ea1d08ad3411aa78975dd4b54b693ece92c51dbc5c8f30c433bfdfe6271f4aa5629783c1d3f936d3d9ea77724d7a8ad09215c3e55587b8c0fcebbad1f57b3d574d4bdb5990c0c3924e361ee1bd08ab72b858c9c8e7a5438db463b9e5d79a03eafa8bc13d8bdb243a51689b1944b891b7b60fb151f9d52f0d58c9aae9be1bb4459a38eca49ee6fe41c1f3b2414cfb963f80af5691d5d0051c5711aa39f0cebada95b02f6174375edba72c8471e701e9c806ae2b9bdd118fa2417f6eda5a4fa75d258dc4d7377344a9ff2d770f29186785039e7b8ae87c070ddc5a35dcfa85a35a5d5cdd4d334679c027e5c7e005747657b0dedba4f6b224b0b8c8753906a77c7e1516b01c1697772dbdeeb57eda75e9bcbbb80912b4780635015093d87526a9e87657979aa5c1d66dae9a78ef9a70700458191190dd4803181eb5db5fdedada4f0453c9b5ee1fcb88609dede945bde5bcf733c114d1bcb11024456c94cf4cd219c369fa05c5cfd8e49ad4c57bf6f7bfbb9dc608c16da80f7fe11e9814be19b2d43ecc27bfb2ba9354b569a4c4a5550c8d9f9948e5b8e067a0af45c0e86a049e14bc5b769504eca5963cfcc547538f4e68b0143c0f63269fe19b082e21f2ae3cb0d2ae003bd8e5b3f8935b5823076e79f5e82a41d33480973851c5310a9f78e6acb29565c1c838a64711638c608a9e70de50c0e78c52023bb196561920547b1d08600e7a62acc1928037515294c9a00811579e39cf5a7cbc2020d3c8c1fc29b28ca91c66801213c75c9a97b1a8a2e3d2a5c9e3f5a006b1fe74a70149ef48dd47bd0d9da3f2a060adb8629c40cd450f078a9475cd00281c1cfd2a553f2d4472169c09da714301339cf5a0f245411962fc9eb5617a7340817b669981eb5253477cd0338cf11787a7d6b5c9a4bd8e03a7fd864b68724960ee412c474fe114b6d63a95dd9d9d8eb115b3dbac416e5a373fbc618db818e0719aeba6c9e9cd57e8e38a00e6f42d12ef47b6d64dbc3019aeee1a68d1e52570542804e33d055eb18efe348ade482d2ded9142958d8b678e8060002b740f5aaf29f9f95eb40181ad68b2eab1dddbc896e91b2462de4e4b29560dc8f4c8069f268d28f10c37fe5c1e4c10ba21190fbdc82c4f6c702ba0c7dda74b90871401c8b68d35a68df62d3a281bcc94b4be7924386625b3ee79ad716b7d2c2b1ee86347015c293903be0fd30055e2c4934fb89d2d2ca69e4c04890b9c9c0c019eb4018d69e1cb2b1d5d6fad2158a41079185fbbb49cf4f5cd4f7ba7dc5ede40b3f92da7a29668c83977fe127d87a7d29926bb1c29a7497b1bdbadf3048c920aab9190a4f627f9d694177e65ccf018a44f2829f31b1b5f39e9f4c5007213f873508346d72cece5b5826bf99e459114e103e01cfbe057496f6ef0d92476eaaac881541e9c0c51e22d4574cd32f2f98074b68cc8c376338edf5356ed1d8dba191763b004ae7a1f4a00c493c3d682f2dee56da2fb4c2e65121e5b7907273f89aacfa0fdb2eaf0ea7e4ce93c91b441176b461395cb75243735d34a5771f98039f5a60dbe6e01071d707a50065dee94d757d6378e4799685ca29e9961827eb8fe7506a1a125f94fb4ee3e4cc93c5b588d8c9d31fad740ce8c094653c6720e6b220d53cdf10bd842a8f1a40267943e7049200c7e04fe14016fcb766dc4918e800ebc77ac2d4bc38977a6de595b30b64bb9bcd9980c97c905ff30315d4472c522911488dc67e539c5451f55eb480a375a6a5d9804d9d9048b2aa2f00b2f4cfafad52d7bc3506af61736edb637b99159e665dcdb410703d3a62ba65519269c8a3f214c0a5731bc96b2c71b796eca515c0ced38c66b1f49d11ac34eb3b14b87315b11827ef3e33f78fd4e7f0ae90a0c373dea248c6febef4018b368f71269ed64b78c96ce0ab30c99769ea371fe7d6ab4be1a45bed1e4b6710da69a18456eabc1caedc93ec2ba854c63fa52327bf4a00c1f1368c75ad1a6b0333411cd80eca324ae791f8d432681757a3cabad4a416de53c4b1428100dc319cfa804fe75d0b8c28f634fb7e4139a00cc7d184da9d95ecf3339b35610a600e5860927bf15ac4723b014fda7823a534fdfa00636e1dbbd192549614edc73d38eb484ee4340112a92470719a926e10f4a64646e0031e2966e40eb9a042758dbb1a30c5777b53a35263e0d0410b8dd9a005b71c1c81eb4f0703a5361e071da9c474a063d4f2696a3079a266f9383cd002b7239a3b0c77a8d63ce0ee349e59e3e63400eda09c90334a38c8a679479f98d279641fbc793400e60a700d67e9da45ae9b25dc96c1f7dd49e74accc5b73e319fd0572baf6af7035bd4ad6d2f2e62363681f6c4bbfcc99b25540c1cf03f51576d7c50b636d6b6faeacc9ab7d912e668a18cbf5e08007bff002342036f51f0ee9ba9a4e9790964b85db2a06203f6c9c7523b1a9a6d16ca48c46d1b795e5888a6e38651d011dfad62ea7af5bb5ddabc77b345670dd08679635f94c87858cb7a64f38efc7ad6af8aefbfb33c37a95ebc8c9e4c0ee194f20e38c7be680dc75c685a6dc5dcd7135aa3c9341f65727a18f9f971f89a4b4d26ceca559a1889996310abb92cc1074504f6ae43c21aaea46e6079efdeef4d8ac4b5fdc4dc2c7703190a4fa0ce47415b53f8a6d3cabc6db70a2dad85d16da3fd59ce0e09ebc67068d85b9aba96996b7ed135cc5ba485b7c4e0e191bd411c8aaa9a15822dd8683cc6bb4f2e7690976914020024f6e4d64dbf8824b7bcd3ec272f366c8de5cdd4a1536276240e01cff2ad187c456925c5ac61655fb5c4f2dbb32e048aa013f4e083cd031ffd8560b0489e4061245e4316249f2f18db9f4ae5bc6f616f047606d62114d3dd5bdb171c1d8a49551f4ae8741f135b6b8226b282e7ca78cc82574c275c633ebdeb9bf8a97e6ce3d225057cd8ae1a65079c15424123d338ad68b4a69b13dac1e0ed034d5d6b5782e6dd1ae6cee0f94d920989fe600fa8cfad76d1e8d602efed221ccbbfcee49237e31bb1eb8e2b84d16eae2cbc49a4cf3ee9e7d574b42f8e0b48a0124fe06ac687e28fb34925ddd477922ead7d2c5691e436c58d71d33dcab1e3d69d6b3926baa12d8ef2ff004cb1d4becef7b02caf6edbe263d54e307f4ac9bcf0e68d2c7e49b188c6253700018c487ab7d7935068be33b3d5e5d3a2b6b6b81f6d49594b630a63ea0f3fe722b2edbc570dbdbdb5ccc9792a6a57b2450abed263db91800755f94e3eb58228ea1ade192d1ad9a31e495da5471c5559345d3a682d6192d91a2b5c1854f4423a11586de264d46c60f2a2bbb669efcd9028ca19594f3f87ca7a7bd6843e258e4b9bd862b77616923c733640d85537648ec0f6340add0d8b7b3b7b7695e18555e66df2103ef1c0193f80155a0d0f4cb6f28c163021858c91e147cac73923f3358765e2e93ecda435e5849e7ea68f2c3146412140dc0107be08abb77e288a0d3eeae8dacb9b3844d71192018c919d99eed8ed414892ef43b78a385b4bb3b28e5495a5dcf1fdd2c0e5863bf35634ed12cad74cb6b1310922b6e54b8c9ddc92df5393f9d6736bf766fe702cc2595ad90b99999f9dec33b3a7600e7ea2a0d23c42f12e9d6d35b5c66fad24bc8a59e504e4618a138e3861f85023abb6822b78963823448c74551802a52416ae517c651cba7de5d4368c45940b35d06703cb25776c07bb639fcaba5b4b85b8b58ae231949103ae7ae08c8a0649f5eb4e18cd264ee1814a39cf19a044791c7b5000ce7f3a7b703229a33e9d0d3100007cbe9de82071d69fc827de8ea1723eb40c84000f39e68e0773c1a908ff0067a0a63743c0e94085561b7deb03c53a741711a5cbc9b19063e55c97cf415bcbb86001585a94bf69f11d9599fb91832b0ec4f6a00a367a3adbc76b14a01b8b86f9cff7540c903f9574cd225a5a3f92818c4b908a7154b586fb3c96b7647eee1721f03a2b0c67f9545aa690ba8bfda2dee5e1775da4a1e1876fe740116851aea175fda7732abca7e548d7a47edf5ad392cad6d6e66d45b3e66dc939f6aa9e1dd2db4cb5659a40ce5f7123a0a64b7cbaaeaf15940775bc4dbe561d0e3a0fcf14c09934d91e0fb6467cbbf6264cfaff00b27db1c536c6cadb51bc5d4243279f19c3444f08c2afdaea31cd7f77684056831df96045636917213c473956060ba76551eeb8e7f9d203ad51804d3bb919a4ce31de94f24f1d681887a52af00d20e9cd29ce38a006bf0bed40e94b27ddc51efed401c578b5d4eab17d8a298dea91b980383e98aae9e26beba54b48e358ee5db66f1dbf0aea35c72de4da40409ee32bb875551d4d7237da35ee95782f218fcc8d24caede481db3484cebacb49b781034abe7cc47cd249f3126b9fd3e7b79f5fbd96fcc68213b620fc0001c715b3a1df5f5fcad2cd0882d82e0023963f8d54d734cd1d2ebed37cfe5331cb286fbdf85302e4f0e9b7b66f74c816350489546d3c7706b16dde778e29b503349a739c2fcdca8cf05b1d4549e29bd8468b0c564ebe539dbf2f4c0edfcab7748114ba3db0c068cc40104718c500634c8d61aed88d3c4820987ef00c9523d6ba86e50f3ce2b1343b9892f67b04956548fe689b39c2f71f81adc7e138ef400a3a53b3c7e34d19a763f2a0635ce003f853c81b483dfad4727dcc77cd3dfa13e8280238b61271dea6cfd318aaf072c3b529f9e4209e076a0063f2e79efc54e9d07bd4232dc0c103bd4d1e4a827ae2811111fbdc0f5a9f1c60fa5407265e31567b668189daa9df91f649a3f3842f3663463d988e2aefb551d42c21d463549f7623904aa558a90c3a1c8a4079ed9ea2962ff66d6ed123d73468c2c661188ee164f915c7d4f51d8e6b6dbc4b7f6cde5dc5ba17baba4b5b0ca94de4ae5988ebb460fb9c569eb1e19d37521702f22691e7081e4de438d872b83db079e3d69f79e19d3af2c6de0b9595cdbc8268e6f35848ae06376ece738e29a1191ae6b7ace973e9d6a23b79ee6f6f7c98c283cc4177331f42315586b5aacb7573a7ed80df5b2832bc484a6e624a2f278017049f7ae9a2d2ec96eedee3cbccd6c8d1c4cc492a1b1b8fd4e3ad557f0fd83eb126a0636172e14390e42bede9b87438cd03394baf105c59eb3acdd4f316b1d3d21b64b741feb2e24c1c67ea547e26a2d4b57b9d3350d6640d6c65b6d3c5cdc3ac792263c471fd300f1ef5d6cde17d26e60bd8e5b5dc979289e5f98e4b8c10c3d0f03a5472f8734b966b9692d831b8f2c4a4b1f9f672b9fc40a00e12fb4cd52d96df541711e9d79a8c904220817682cdfeb19d4e412002781daadddf882787469e4d3671b63bb1636c661bdee65de15d8fb024e31fddaeeb58d2ecf516b47b98d646b593cd8b3fc2d8233f9135911f84b4849370b3427cefb475380f9c923d39aa726f4622edd5dad9d934b312768e02f576ec07b935c269f7cf078b35dd43534981b6d2d1e58df1f282cedb5464f651f535e8177a5db5cbc0f347b9e07f323393c37ad551a1597da6eae4c0866b94d9331e77ae3a1f6a9680e0de27d26ce2d720b836d15c44246b18242aad248c046076c64e09c569def896ef49d46ea39ee12ee3b2b259274550333c8db5101ec2ba287c33a447a6c962b6511b4908dd1919e878fcaa597c3da4edb856b1848b8458e5cafdf55e80fd29b937b81c2ebfab4b6daf89eee74ba6d22c8dcc91280156790ec4507d305aac6a375a8e93a66ada844628a668a28ad9422ef3333119c7f74961807dcd76b1787b48659c3d84044d088642533b907407f33443a269f6f6b1db43690f951c8b222edc8dc3a1fa8a4079f5d6bdafc63538fed884c3716f6b1b089799980dea3d86793ed5a5a878826b0d5f59badc92c566905b448ca3e59a43ce4f5c0ca66bbb9345d38c7fbdb588a897ed18dbff002d3fbdf5a8534ab1992ee392c2074bb3ba60547ef0fa9f5e828198b7f7f77a7bc102dec33cf793476d1ee0308c4166638f61903e956fc23792df6afaca8b969ecad645b788b01cb85cb9e3b6481f856c3689a749690db1b183ecf130748ca0c2b0e847bd4f6b6705af9a2da0487cc6defb171b8fa9a0562ea801beb44c7814d854ee39a74dceda00744383ef4f1c834d87ee0cf7a77419cfe1400d7ea3dea3b83c53d8fcc06699703e4cf7068189064e6a7cd41093cd4e68018fc6da24fb878343f6a25ff566811142a7703ce2ac0a8611d79a98018fd698049cafd4e286385f63438e073de97f84f7a432185406e3af4a9ce474a644f938c62a5c645021a9bb273cd20e59aa4c53075340c47031d7155d9407183dea79fa74cd419cb673e94013ff0008f7aad2f2f8e38ab3cedfe5551d807607ad0225000db4f97eee6980f29eb52484f97c75a00acc72bd0d6178e51aeb414d3943ff00c4c264b67655276213f313ed8047e35d00c88c823af4a9a2036292066819c67896de5d66e74ed32ca2716b6d751dc4f311b55563e42afa9271f8561259cfa8691e53c371036a5acb4b231054c50a371f4c8403fe046bd2e5889933c633507d8775f457467946c429e567e4393d48f5a00e1358d3e7b9b89238ace586cef2fe146039dd1c5f333b0edb88c7d289d757bdd235680ace352b9bff002a2ea160895861c1e98da33ee4d7a1cf117e4103bd2c51e17a014033ce359d36e2f353f345b5cb35d5fc7112f9db1a4433e601db2471eb9f7a8123b8b29d4470de0b4bfd51cdc958c9211570a38e70c5464f7cd7a54aa7df14d55fde63a8f5a101c0ea314915d33da5bdf2dadf5faade0119cac689c2a81fc2580c9f7359c22d445cde4f2e9f750c379a9ac570b1264adb221da06392188e48fef1af55d9c71418801c1ef4580e53c2504c6ff5cbb9ed64b5f36e045121181e5a200a47d4e4d74688d9c1ab613e5a6188fdec9c9a0051c63a62940e7de9c171c52e3239a006e47351a72c69cf920e0734d8d4ee39e2811374cd47274e314f3ca8a638e47d6818c97853de9d6d931f3d69b211b4e7bd3edcf140160608a69197cd283484fcf91401161b3c1e00a08c467348c70d40398c9340862603673dea597ee8f5f4a89301f3c53e4619c7a5002c2a1979a7ec18e3a8a20185c1a7939a064510c023bd3cd350f248f5a78c50033d85365fba7d29ee403cf4a8a5705801401227dd5fd68f4c50a408f39a81e718f979a00b03b834c638071d71deaaf9acd9e4e698493c9273408cdf0c6933d8dceab737e616b9bdb933ee4c9c2e02aaf3e800a7d8e8a23f136a3abdc323cb3c690438ff009671a83c7e2c49ad153cf534a8dcd0072da7783e54d3b4ed2ef2e236b0b4ba374db41dd70dbcbaeef4c1209f5c56bf8cf49bbd734c8acad2686289a6479fcc04ef4560db463d715adc8c1dd40623bf7e9401c96a3e12b99adbc456b05da4567aae240bb49314bb4063d7953b464532f7c3d7d7be1a9f4e92e2ce19a731891a184842a082c39392480475aebd98b700e2984640c7ad0338fd47c272ea73eb9e75ded4d42d23b54da9f346141fd0924e3deaf4fe1896ed9a79ee952e63b26b3b7f2d70b0ee003301dc9c0fc057489c9ea315600e87b7a50067697a6dbe97a55b595b28586de311a0f603ad79efc46d066bcd1ddeeae233753dda462554c08a23950a067b6735ea32630724605729e3e83cef0b5f14f99e2512ae3d5581ad295b9d5c4f6d0e77c59a14f6779a1dfadfb4691ac760fb17017218075f43cd6ce9de0b16f6da7c4d78646b2b292d623b31867c6e93eb81fcea5f141fed0f040bb88862238ee57f021bfc6baeb56f3204901186507f3aa9af715fbb5fd7de24f539bb2f07c765716d258dc1861b5b03650a0507692725f3ebd3f2aaf61e148ec8e90b25c19bfb32dde28b2b81bdb1f3fd700fe66bb44e98a82e57a11d056051c5587849ad13471f6e66360f2c99318fde3b83f31f7193f9d3ee7c2a6e52fde5be65babbb216524d1a6d2c33f788eedce2baa1c6724507e6200c7ad311916ba04506ad697d24ad2bdada7d96252000bce4b0f73803f0acbbef067dae3d4e03a94c96d7d74b76c81464302b904f71f2f4aec00cf3c504703d79a45239db9f0e79f6bac4125ecdb350c0270328368181f80fd6a7bff0fdadec9a5bcaef8b0dc1541c070576e0fb7b56ce0e07a66851f301c50239b6f0a405efe2f3e41677f38b89e0007ccd8008cf5da768e2ba38d51630a830aa30001d2a4c67a628031c1c74a0634f2dd69c802e79f7a1477e3de83d3af1fce8108f83c64d3401b8f3de97919e29a3d40a62147d79cd29c64f27149d05283c64e0628188c464f2726a373c0c53f04b1cf348413edcd0205524f5c5711a8de1b4f1619db94560a4fb1007f5aee41c027f5ae1bc6168ebaaabc684f98b91819c91c5170e87665639e22090d1b8efd08ae6af61bbd25a3fecab932472be16023763e9ed572086ea2f0b6c6c8b8109e3b8f6fcab9bf0bdccb05cbccc8f2c51a92c1792b9ee050069ea165e20ba83f792a6dc7312363357fc13a75d599b8375198c3e0004e49355e4d6efafee447a45b7ca0fccf20ff38ae9ac66923b4dfa808e275ea77714019dacf8792f6f45c45398666186c7f10acbbc892c75dd2ad210711639f5c9e4d75b6d7505d26f82449141eaa738ac7bfb613f8a6cdc7fcb38cbb7e7c7f3a019bfd46294f4a41d06294f271f85031e40cf149d4d19e86971d3e94806bf4a0720d2483f952f3814c0e5a6bb2de364888f9562da3f119ae98e0e78e2b90d49bec5e28b9bc75c88e0de83d4e001fad4967aa6ab6b7b6a3514060b93818fe127a508474b7d1472db3c72398d58637038c7e35856de1ab71399aea77bacf2039e2a0f1ec84dadac31b9decff70771d3fad54d3341d4a58079f7925bc67f80124d00c6f8974c1737bb34c8c3144dd2221c0c9e95b3a6585d43e1836ac76dc14603fd9ce78aab1e917fa5ee934fb8137778dc7defc6b774bbd5beb51200518655d0f553e9401e7be1e796df5fb7dc0825ca30fd2bd2dcfeec1cd71ba8da2a78cedbca5e1cabf1faff002aec9f9518a3a0751e075a5fe5480e07d697eb40c6363681ef4f3f70e7a9a6b7504fad0e1990818c9a00643c9c7a52ceabd71f31a22465e5b1cd4dd4e78a0457584ed3d4126a48c600f7152bf0a7e94c1f76819005026c60f5ab43a55558dfcccb723eb56bb1e94007714c51c1c75cd3e9a38ce280229ce1b81da9c4e147cb9c8a6488c5b8e953e3a5022a942c4e17148a0abedc7156b1d699b064bfe1400c41c7d2a1641e6636fbd585fbb9fd2a3084b64e71400c5b705b760018e0540f13267238ad1550ab8155ee22766c839f6a00acc3e4dc3a74a61076f00f02ac88028f9f18f4a7285456e79233c53033d7ef72063d2ac244a46f63819e334e7899e5002e07ad4fe42630493480ac885989046dc629de4e1b20e33cd38a056c26704d38aedce7e94008c079677739f5a65bae1874c54b3292a31da9225da01c74a007b9da38c5445cf4e95330e39a8598670064500490b1cf3cd130c919a48f839144a707904d00491fdc1e94f1ce7d2a28feee08a93d8d003587cf934d9feef34e62370a8e7ea3238a0020e47353fa5436e300f1530ffebd0035b920f6a25e6338a473861ef4d98ed5c500241d4d4e3dbe955edc92c78e2a7a00493918a764ed3c734d9380290b6d4ce280190925ce7a0ab1d0557b70a189cf3e953138524d031ff514d1d4fd6903a938a01c93f5a006cc481c77aae09c8dc327353cc71b6a1e32b8e79a045822aa301e60c8e2ae01cfbd57918eee805031c40dcb8e98c54c08ef500fbc94f73b572474a0424a7e50319a7458d83e95199372f4fc6a58f3b07d28011a3dc739239a11428ea4d2ef0a4e48eb4e0413c63140c63a6ecf271d2955768c649a733004e78a14e49e681113c7b989c9c546142ca31dc54b24843918c8a8e3f9a6e9c5001212a7f952212e4063c54b2ae57b67151a2f43c671d2802c0e829deb4838cd01877a001460e4d18e0d0bd7da948e28191ff11fad32362cc71c5398e33c54511cc871d3ad02271d714927de07de9c4f703b5318e7031de801930c8a587a66894e738145b7fab1c62802c0351e70c4d38537f8cf140c8a52412314440b4472734aca4e70073432958805a042a210c09c6052ba8e0b7ad451b966008ef52cb928001400e8ce54907da9723ad45064274c734d206e61cf5a0099579fa9cd3c0e2923fba29c7f4a064331dab9c66a15e58f000a9e5e07407eb500c6ece3da802379189da3a6298474c2f4a5c618e7d69a48ce31d6810aaac71b7e94f0082777d6a45c05fe74d907ce33d295c76111011ee69cb1f24d355718c9a908f948cd034869538e9914c6e7a2e6a7ce70b4d239c0ce334262688f6fcdd290e781f853d40e7f0e6a36fbe3d334c2c4910c1031ef5640ea7155e1c6eab1d85022371953903359f796e2e6d2e2175cac919439f718abd293c11d298a38c1fce8038af0befbaf877359dc0fdedbc72db38f75ce3fa5759e1e732e8b62ec393021ff00c74573f74d0691a96a16cce235d42269d01381bd5486c7d460d6e784c14f0e69c18f3e4a0fd0574d5d5397764adec6d2f14100fd3a5357814e15c8594de2dad903ad47d3b55f6018fb540f07071c63a53158873f20e3ad2e7918e691948e33c0a67553cd30b9212011f9d20201ce39cd20391f4a439c8e7826801f9cede3de9d9c91914c24e7b6293772304034ac3b8f0474348cc074a6f27a11d79a420e7ad310e2dc0c8e94991e9d0d27500e69a3a0e7bd00296e0f1d2973938c714d6fad3baf7a005079e879a5e371c52679cd239ca9c1a005c823a5656b1b2e1956ddd7edb07ef1109e48ee3f1ad41cf4233581776b3daeb87508e233c6ebb4853cad0069417b0dcd8bca38c03bc13ca91d41ac4f07c0b6f65737b300a8d9db9fee8a92f6c2e6fdde48233681d712066ff59ec40e9572d6fe382216d7d6ad6ea00190bb93f31401462f1298ae50496262b67380e78247ad6fea7a6aea62112cceb0af2517f88fd6b9dd72facf53bab6b48a4411236e790f007b0ade3aaab2797a7c325c381804290a3f13401c6ea4afa36ad2436933ac61c3120fd0e0d757a2ddc06e5e5b99e3fb65ce3099ced5ec2aa8f0b8bb32cfa84a4dcca724a745355b44d2a5d335b68e6b43346788e6ecbef4203b41d7e94a0724d274cd3b9c0a06069475e693de9475a4035ce14e7bd281c7348fd29c28039bf16d99220bc51f2c6c165f74c835acf0c1771c4ee030460ea47af63597737f7973af369f1469f668c0f3778fbca7ad55be9a6d27759236fb6907c8472d12f7e3d31421176d2d56ff00547bf93e68d3f77083edd5bf3a7f8aa5b9874695ec8b2b823257a85ef552e35816b79a7dad8ac6f6d280377a738c53751bb9353d546976ee52141ba661d48f4a6313c3d36aae2d9e768e7b5917961f797eb5a16e045aedda21011e257603fbd923f954b24b67a358658ac7122f0a3a9fa57332ddea17d14f2585b4864b83f349d36a8e8a3fc7de811b1a7c62fb5d9efc1cc310f263f73dc8ade61e95c5e857f79a6dda5b6a71c91dbb7c8991c29aecddb0a31eb401201cfb521f5a5e8383cd3587a9a06211c7e34e07a669ad8c75e94bb739cf6a00764639ed403c53760c629c14127da80158e476e6917ad26d18a15062801c4f1f8526723b669a635f4e297628a00527b522f424fad0106ec9cd0114e319a007678a09efeb4d0a36814a1071d6900b9e9f4a69fba29760e7ad26c191d7ad3005e00cd2ff000e29368fc68d83d4d0038f2286a6ede472714a5411d4e31400d90654d3635080e3b9a76ce07278a0281400bd40a43c9e946de076a36f19c9a0430a853c5364e4718a9367a9a6ecf5340c69ec29ddfd853421e7934bb0e0f2680148c8a63281bb18ce29fb719c134857af34088d339e7b76a78e71cd35721ce69d1a1e79eb400f503269acdce69db4804035095258f3400a0e6407d01a763271c715100411cfb54888db4f3d698c7f1ebda8ddef4983d4d3595877cd210e7f4cd29a60ce71ed49f35003fa0c8e3bd3d707e9511cedeb420708704706801d27dd0453874c533e6dbce2946e2c0f1400f18a5ea71c1a6e1a9a3767b50324c01d38a44e07e34df9f3c639a507e53eb9a007101bad34aa8c7142ee207028f98b0e062801f8a6b282067a51f36074a39c62810d0a01fa50403c1ef4bce071d29aecc3000a007151c0c714280052a027ad34e7f0a00191589245380033818a8f7103a77a505b18c5031ceaa4f2285500714d66607a500b05a0438a8273dfd6858d43645350903a7eb4fcb6718a0629031cd33cb5041f4a52cc38c723ad26e39e9df14087f5e94cf2d739a0bb7614063b871400fe9431e063ad47b8e7a52166c7dda00080c0f34a8815b8a6e707a1c629c1891c29a0078fbbcf534c65f9864f434b9cf639a767392450322750dd4d3e3508001d291b8cf1c501ba1c1e680251d066a3eae71e940638e9eb4aa73938e68023763bcfcc540a7f2d173d698c0eee9520ff0057c50220542b820e39a246c3e0b6334ef98300d51cc486248a009e3395e7b7150904b923ad4911e0d307de24fe94016a3fb83b714d7755ea7af6a74646323a62a097fd672323140c5721875e0d44307041a5c1099c719e94807d7ad0218df789ce4d37a91cd3e41b5b38eb4dedd0e680273c71484e0f3c935186c738343364918e94ac55c7af27ad29e9db9a8a2e5ba1e9d6a51f4a0698a7d463ad03af3da90b01f5a81247c11263af51e94036583f77b64d42c71520752bcfa542e47e1412491939e48e956307d45568b19e86ad28a602ede7b605376f4e94e24628f4a00ccd6743b4d62344bc4c98c928c3865c8c1c1fa5685bc296f6e90c6004450aa3d00e95274a463c7b55393b72f415ba8a0e4fb53bae0629aa3819a5cf3598c70ed4dea2973c01ef4d27f1a601804741934df295948c0e41a71201c53b20039f5a008bc95c631c51e4ae3815203d05387bfd0d00576831d0d30c27be0d5ae31411f29345c2c53f2d94700114d64393f2fb55e1838a69507b517158a5823b7d2908e381575917b8aad2a6c3df14c2c44dc03c52af51914ce39ebd69c303273400efe23c5231c0007033464679348e571cf6e6800e71c526d3dc75a45fba4d38637739c5002e318e2a44505704023dea218e79ce0d4d1fdd1cfb50020b587706f293d7ee8a9d500f954607b503a75a70e86818a3033f4a50281c0fc697b1a003d2863de8c8cf0683c9a005e285ff00ebd04f7a3d3bf7a001fa74f7a01ef8a493a528a40626bef676d710cd72b346cdf279f11c63d8d5bb1b6b48c1920c397eae4ee247d6a3f12c6b2e897624c1c46587d45735e14b6bc9acdd564305ab372ffc4dec3d29a03535ab5d155b75d4890ca39cc6d86cfd05624771a65bdd492c1a8dd87938660a093f8d74f1e81a66ce615949eacc771354353f09da4f1936bfb893d072a7f0a006588d1eee6124971f6897b79edfc81e2b76e6e60b1b56965212251d40ae474df0b5c8bb8fed9b04319e7073bab6ee6d65b088ec537561ff002d217e4a8f55f5fa5022dd9df586b2aeb1ed9421ced61c8f7a9b54d42df4e855ee5f6827803a9aceb64b67d66d65b0550a6162e57818e300feb526a4910d66ddee8298444db4b740d9c9fd280346c2fe0d42132dbb165e8723183505f6b36366db26b840ff00dd0726a8c28da8ee5b706d34ec9fb836b4befec2b2f5af0bbc97225b0d813680518f43eb40cd17f15e9b951ba43ee16afd9ebba7ddb6d8ee1039e30dc1ac3d37c2b04011ef5bcd73fc23851fe35b4fa2e965497b5880f50318fc6811a8d22a82ccc02fa9359d6bac4377a83dadb2b49b33ba41f747b5646b3613c3a64d1d84c6780804c45b714e73c1fe952f81e248f4d91b187690e4f7a066aea5aac7a74d0adc46fe5c9c7980703eb57629a3954344eacbeaa73597e298d5f42b92d8254061ec41ac2f0cda5d49a79134a6dad1db71c1c33fe3d85023a4bdd66c6d1889ee1038fe15e4d66c9e2dd3c1c7ef4f6cedabb6fa2e9883296f13f1c93f31355354f0c59dca16b71e44a3a11d3f2a065ab4f10e9d76c152e02b1ecfc55fbcbd86ced1ae666fddaf248e6b8ed3bc317115ea9bc311850e70bc96adbbab57d3e2df683cfb4ff9696efcf1fecff85022de97acdaea4585b336f5e4ab0c1c54ba96a96da644af74c46ee0051924d664125b5c6ad6b2d92aa858d8bed18c038c03f8e6a4d40c29addb4d75b4c2236552dd0375fe5401a7a7ea106a1034b0162a0e082318355efb5bb0b23b66b85de3f857935560dda8b131ff00a3d873854e1a5f73e82b2f5ef0c1b8b85934f644520028ddb1de802e378bf4f463f2cc467a85ab967e23d36e982acfb18f69062b3b4af0bdb40a1af5bed128edd1456bcba6699e5e24b68028ef803140179a5458fcc2ea1719dc4f15996bad4777a935adac6d222677ca3ee83599aad8b0b19a3d26e049132e1a02dbb1feefa53bc0c8a9a6cce47ced21ddebc0142035b56d5534e684cd13985ce0c8bd14fbd5b8278e74dd148acbeaa73599e28d8744bace0e17207b8ac4f0f594cda7017771f67b473bb00ed67e3b9f4a00dfbed7ec2cdc2cb382dd309f31ace3e30b10d8f2e623d702b42db4fd3304c5040fee30d55351f0dd8dda7ee93c8941c874e3f4a0658b3f11e9f72702631b1ff9e83157aeef22b6b37b9725a2519caf39ae574ff0a489771c9732a34519e540fbdcf4adb9ec5ecf74b6037447efdb372ac3dbd0d021fa56b56ba93b243bd241ced718c8f6ab5a96a10e9f109272704e1540c926b3524b7bdd4b4f92d00063566930305463183f8d4fa888d355b39ee31e4aabae5ba027041fd0d302c691aa41aa4323c01d421c30718e6a0d435db0b3cac936e707eea0c9a8a28df55259736fa793c2a70d2fb9f415435bf0b0bb96392c99620a3694238a40325f18598909582620719e2b434ff1369f72557cc68988e920c0aaba4f85adad98b5dffa449ee3e507e95b1f62b0543e6c102a63196005005c926896132975f280ceecf18ac683574bbd51ad6d6269234197981f94555d534f46b49e3d22e53122fcd06f0437d3d0d33c0f184b4b92c31279a4303d4605080b3ad6a074b3148f0bbc0c70cea7ee7e157acaf23b9843432aba7720f4ef517892247d1aef781b4444e4fe95cdf8634f63a7eebcb816f6ae7704ddb4bfd7da8037aff5fb2b5cab4db9f3f7539acc7f17db0c8f2a623d78ad8b4b3d37cadb6d1c0c3fd9c1aafa9f87ac6f10e23f2a4ece9c5004167e26b2b96dad23c44ff7c7f5ad2babd482ce4b9de5e341bb2bcd739a7f841a3bd592e2757894e400396ad99f4c6b5669ac38079780fdd7ff0003400dd335a87509bca51247215242b8ea3d4559d47514d3e3579998eee155464b1aa492437ba9581806d78c31906305063183f8ff002ab3abc51c57d6371310214dca49e8a48e0d0049a6ea89a8c2ce8b2c65080438a8aef5fb3b36c3cfbdc0fba8338a458df562186e86c3b05e0c9ee7daaa6b5e194ba31bd932c2cabb7691c1a0060f18db8503c895bdf22ae59f8a2c2720397889fef0e2a2d23c2f6d6987b9fdfca3a647ca3f0ad796daca288f9b1c2a9fed0005004e2e62f20cde6a98b19dd9e2b32db58fb56a46d6d62f3615c97973803e9546faceda7b695349ba8d1a4521a20c0ab7e1eb49e0a8fcab5bb4752245976b67af4a00d5d5f52934d8e3984065873fbc20f2b56acafedef22f32095580c13edf5aafae056d22e83fdd319fe55caf87acca5a96bdb8fb3db4ad909bb6993ffad401d2ea1e22b0b36d8d279920fe18c66b2a4f1a5b8fbb6d291eb915af629a6baedb516e71c7cb826a2d4b46b0bd4c4912c6e7a320c1a00a969e2cb19d8097cc849e3e6191fa56acd7f12d9497519f36341bbf77ce6b9cb4f0979578924b701e25390bb704e3d6b62eb4e687f7fa6911cdd5a33f764fa8feb400ba46bd0dece2030cb0c8dcaef1c30f6a9b52d4d34f8b7ca19896daa8a3258fb5528ee63d46eec1634d9344ccf2a91ca60631f99ab1ab2a437765732ffa9462189fe1c8c034011e97a99d46391fca921319c10f4dd43c456168e14c9bdfb84e7f5a48a17d5a52e4b4561fc2a3832fb9f6a875cf0d457de5bdbbac0c8bb40dbc11401466f1945bd95207c67a961566dbc55693e16512c3bbb9191f9d4ba77856d2d886b8fdfc83d4703f0ad4ba8ad228499cc4898fe2000a0051a8406233aca8600325c1c802a8d96b6d7fa9b5bd947be14197989fe554350b1b29e09934cb98a29645c18c1c2bfe14be0387c9b7ba8e41b664930c0f5e9401a7acea73d8411ccb0f990eec487382b53d9ea505dc25e0914818ddfecf1de9bafc6bfd8d77bcfcbe59ae5f41d3e38ec49d4671041290e21dd82df5ef8a00dabcf12d9db3145633b8ed1f23f3ace1e3140e40b6638f56adcb0fecf71e5da980903eeae01a4bcd12d2f57f7f18ddd9d4608a00ceb7f15da4ce04a248bebc8ad59efd3ec2f7101f39557384e735896de118e3bd595ae0b46a72171d7eb5a977a534645c69cc229c755fe193d88feb400691adadecc229a092076194dffc5f4ab9aaea29a75babb46f248e76a469d49acc82e1351bcb25442934059e652394e318fccd5cd5d92deeecef25ff00531965627f8723834012693a99bf8a579607b7319c1df55f50f12d8dab1542d338fee0e3f3a6db46fabbf9d3831d96731c5d0bff00b4dfe14dd6bc3b0ea0c8f1b792e836f038c7d28033a5f187cc556cce0f03e7ab569e2ab79302e209a11fdec64559d2bc39656455d97ce97fbcfcfe42b4ee1ed2d9099cc48b8fe2c5002477d6cf6a6e165530a0c961dab36cb596bfd59a0b28d5ad9065e563fcaaaea10e9d768e2c6e52099c15239557f62299e0b8beceb790cab8991c641fa500cd3d76f2e6c6dd6e218d64894fef0138207b54ba7ea76f7d6c65824184037678db49acb29d32efcc2047e5367f2ae5740b2860b32fa94fb2393e6106796f4240e68036ef7c496b0b95843dc383ff002cd78fceb226f1738720d9607a33735d0d8dc69ecc22b7688375098da7f234ed4f4db4be8ca4f0a9cf4603047e34018f61e2bb77c2cf0c91927191f30ad596fa37b49ae6d4f9db01f914f24d6658f85a182f165799e445390847a7a9abf7b61994cf647c9b95e723eebfb1140068dadbdcce905d5abdb17c942dd1aa6d7350fb022b04696590ed48d7ab1aa705d8d4af6d62d8526b772f28feef18c7e39ab3ad6db7b9b5bc7ff530960e7ae0118cd00334ad4a5bb82637303db18fa973c1aa7a8789aced70b1ef99bfd9181f9d4b6f1bea8c2e2e414b4ce6287fbdfed37f8526b3a1db6a054ab182441b4151c63d3140199278bdce36da0e3b16a9adfc4b9c7da6ce78d7aee552456b693a059d8a86dbe6cbd77bff004abf753dadb20170e899e80f53f8500514d42d9ed5ae1260d120cb63a8c7b566d96b12ea3a9b45648bf658c65a46ea7e94fd461d3aea397c897ecd330237152aad9ec7355fc1b6a6dc5dc52604aae33ee31d7e9401a7ac5e5cd9db89edd11d14e6453d71ed4b61ab437b034b1bed08017ddc6dab1aa22ae9b74d2602ec6e4fd2b94d16c628a1dfa84a76c98616e3273e8481401ad73e238a36db6f14b72c3ba29c7e759b278ae746f9acc28f46cd7416d7564db6242b193c05652bf966ad5c69d6d7716c9a30c0fb7228039cb5f16c6640b3dbb293dd0e6b60dfc73dacb2db1f39d013e58e0e7d315463f0b59c57a2732c8caa72a87fad5ebfb1596412da9f2ae547cb20efec7d680b15b49d66796ed21bdb56b7df911b1e87dab5757d44d841198e2334f236d48c77358f6974750beb785e3d935bb179c76040c0c7d735a7acb0b796d6f1866385887f60c319fcf1400695a8cf3c533dfdbfd97cb3d58f06aa6a3e28b6b620451bca4f43d01a92d613ab32dd5e716d9cc50e7823d5bd69face8d6ba8aa33931347c065f4f4a00c43e2fb96384b68fa7009249abd69e259db9b9d3e655fef2a9ad1d3346b3b11ba34df201f7df9356ae6eed6d389dc293c05ea4fd0500360d5ad25b579e3932b1aee718f997f0accb0d6a7d5355d964aab69172eec396fa547a9fd82f15c8325b4cca4094c6541f63ed507832236a2ee0931e6820f07823b11ed4ac33635dbabbb3b51716811963399158755f6a4d2b5ab6bfb67955bcb1181bf770149a9b56645d3ae5a43f2796d9cfd2b95d06ce1822125f333b36185ba296c7b9028036aefc44012b636b3dcf38dcaa42d6649e29be4936c966b1e39c382335bf16a568196325a127a0742a2acdcdbc3751b2cd1aba11c64516039ab6f18e5c2dc5b7d4c66ba24d4a3b8b599ad3f793a293e537cad9f4c563c1e1bd3e2baf303b1c1c88cb56adf58a5c81221315ca8f9255ea3fc4516114ac759bb6bb8a2d46ccdba4d911b0f5f435bd9c8ae722bb92fef20b49557ceb690bcc474381c63eb9ae8149c7e540c93bfeb453031fd289182a331e805003c9a8e51943ed581a778b34cd52f85a5a492198e701931d3ad4daf7886c744312dfbba99412a1573f5aae495ed6279e2d5ee5c6e01e940cf53deb2af7c43a6db68f0ea524927d96638421793d7b7e1598be39d088ff5d3ff00dfbe94d424fa09ce2b767523359777ade9d6d7060b8bc85255386566e451a4ebfa66ad95b1b80f20e4a1e1beb8af35f17da5949e2aba69ef8c52165253ca271c0ef9aa842f2e564ce7cb0e68ea7adab6554819c8a504fa77ac6d6b5ed33c3f6914ba95d08c3afc8a0659be82b007c50f0e038f36e78e7fd57ff5eb334e87767afd45489f77b5731e1ef18e95e21ba960d39a6668903b6f4dbc6714baef8d744d12630de5d8338eb1c63711f5f4a06756a7814a1abcf4fc55f0f6701aeb27fe997ff5eafeb3f10f44d22f0daddb5c79a115fe58f23046477a047683af3d29dbabcfa3f8abe1c77c17b9404f53171fcebb1d2754b3d56d05ce9f7093c27a329e87d0fa53b05d1a19e829d90065ba5721af78fb40d16e9adae6e9a49d7ef242bbb1f53d2b16f7e25f87f54b496c11ef636b953086118caeee33d7de9257d81b4b73d207f3a70e948323b77a51ff00eaa06324e87eb4ece3349274a077a00e7fc55712b0834fb65df2dc37cc33fc03ad4f16950476fbaf58ca517247f0a81e8054504911d7f509e77551084894b1c606326a0bbd5eeee9e47d22213410f0e587df27d2802cfd8a19adfcfd167f29c72a54e549f422a4b0d50dd58ceec812ea0055d0f4dd59de0b4bb896e96781a38d9b782c31cf70055686d63bcf165eab12605c3ba03c330c75fc68119f1f8a3518e725ca480b63615ad7b5d5b56d4630b0592440f591f3814dd7a482cb57d3c5944a272df3aa8eaa78c1abbab6a8d06a16d616e551e520b39fe11ed400cd3606d1f52486570eb7633bb18f9c7247d2a5d713fb4aea1b053b55479b238ea3b014df135dc30c569970671329500f3ee6a3d1eee29357d4448e04c640003c6540c71f8d00433dd6afa526c6b78ee615e15d4738f702b0affc4daa3cd85db02fa05ff1ae9935568b5e7d3e6659124e518755e33835404f1c9e2e921bd8c6d0b88030e33ebf53401762d5cc5a145797614ca0745ee7b52dada9b8b6379ac484823708c9c220fa7ad65f8aaca2b79ad258c6c89e51bd4743effceb5bc4ab3cda33c7691f99b88040eb8f6fd281966d6cb4fbc8566b35299042bc79535434c33e99ad3dadce0c571f3238e013fe35534cbbd56c2da19aea00b6708d8c8061b1fdefc2b4358bbb6bbd3e3b9b79919e1915d4e791cf2314083c452cb75756fa65b0059ff79267a051d3356ffb36d6080cb760ce517259b9c01e82ab69f3c11ea3a95ddcc8887cc1182c7f840155ae752d42f4c93e93106b68c6dc30e64f522802e2da5bdd5b8bad224f2a4fe1643f293e8454963ab35ce9d3b3aaa5d420aba13801aa9783a2bb86de75ba84c685b72e7824f7e2a9da5ac579e2abeddf342a7794eccdd39fd680324788f544b82777987fb85323f4ad7b3bfd6b50da90dba40bfc5238381f81a975e961b7d5ec23b38d4dd16c3051d54f1835675ad4e482fed6ca16589a5c1790f619ed4010d9dbb68fa92abb9923bb277391ff002d07f8d49ad46351bc8f4f42446abe6c8c3b7a014be27bcb786cedd43ab4e2546500e4f0793f953749bc83fb6b508e575594b00bbb8ca81d0500413cdac69abb238a3ba8957e5603e61f5158775e21d559c67740a3b05c7f3ae961d4da1f11358b32cb0c832ac3aa93daa03711ff00c258d0de463694c4391c76e7f9d004d6daa987445bcbb2a640a4614f24e78a2ced7cf8bedbabbee2577f964fcb18fa554f18d9c301b6b88d76ab385900e87df1f9d69ebf0cd368ecb6281d9f1c0feefb5002dbdbe9f7f02cb6f104524ed75054fd456659f9da5eba2098efb7ba3f2c9fed0f5f7a8ec5b57b1b48a79e11f6680053101f315f5ab9aaded95e69827b6950c91baba8270c0e7ffd74011f89a496e6eedf4db6504bfcf213d02f6cd5d4b0b6b78d9e7533613259c6e3d3b0aad693daa6a1a8dcdcc88855c20dc79c01ff00d7aaf3dddfdf97b8d2547d9e31b4061feb09ea45005816d6b7d02dc699279327f0ba71cfa1152e8daa3cda7dcace563bb809560c7033d8d55f085ade4115c25e4222467dcb9eb9ef5058db4577e2cbd0798a3e4af627fce68031e2d7b5717242bbb9cf31edc83cd747657bae5f850b025bc67f8dd704543e229521d4ec12cd47db038e07f74f6ab7af6ab2dadcdada42c22f388df21ec338e2801f15b7f63ea10b1732477476cac7fbfd41a7eb0bfda177069bff002cd819253e8a3a0fc4d41e27bfb74d356312abcdb94a60e4f07ad47a7ea10aebd7a2e1951982042c78200e47eb406c2dc8d6b4b4c5a6cba81701411f328feb5817faf6b0597cc1240338c2ae335d0b6aef0788d6d16459ade6038072518fbd417572b1f8b952f4011140b0e7a027bff4a0096c35878740fb55ebabcca30541e49cf19f7a9ecad44b0fdbb576dec5776c6fbb18ebc0f5acdf195ac71986e5004fde0571d030eb5abae2cf73a415b20acd2638f55f6a2e04d6d1586a56be6c700099c2b6dda78ee2b29167d275e40ec5ed6e8edde7b376cfbd57b15d6acad55e403c883fe58e065d7bd58d5754b2bed264314ca254c3856e1810698137896596e67b7d36dbac9f3c84f40a3d6ad5a69f6f6f019245f364032598649fa567db5f5ac5a96a173752a237ca8a18f38db9e3f3a6bdc6a3a896b8d27f776f170a1c7fad3de901792decf53b737164de54a380e836953e86a0b0d4e592dee63bb2b1dcdbe5589380de8693c2b637b6a6e4de2ed473b80ef9ef5521822bdf185c83f3451ae4af6246050061c5ac6ae2e49592591ffb80647e02b72d6e35fbeda1952dd0f5765c1fcaa6f12cab15e594166a3ed61c3654741e952788b5196d6e2d6da37f2965c1790f619c7140025bff0063dec33798f225c1f2e666ebbbb1fe956357637975069fc98d8799363b28e83f1355fc4b7b6cba5796922c93120a85393c1ce699677d026b971f696d9be345566e9d338fd6801678756d3d48b0945c403eea38f980f4ac3bbd5f59620cfe6c2338015715b53ea2d0ebf04104c25b79f00a839d87da9d7738b6f12c22ec7fa315c464f404f7a0192e99ab341a03cf7d2879e3cfcb9f98f3c66a6b1b612c3fda1aa1dcecbbc2b7dd8d7d8552f19db462ce3b85501c30538e3703ff00eaad5d46392f342d965b4b488383dc7a5003ed16cb53b4f31205f2f2402cb8cfb8ac82b2e91adc6db8bda5ce232c7920f6cd436706b5656a1c91e5dbfdd83bb8ee29da9eaf657da4cdb64093af211f821850058f124935d496da75b7de97e690fa28f5ab3069f15b421caf9b281cb3724d55b5bdb68752bc9eee5542511573d71b7271f9d4124d7daabbcda6130dbc43e4dfff002d0f7a009d3ec9abdb96b65f2e44623701b591a934fd45c25cdbdfcaa2e6d78dedc061d8d47e18d3afed2e2e24bc0aa8e77633c96f5aae218af3c652820148d3247ab003fc680315750d5fed876cd3348493819c11ec3d2b6ede4f105ec619996da3eec54671f4a97c553059ad2ded573765c30c7551ff00d7a93c4da84b6696b6f1b18c4a70f20ec323a5000b6dfd917705cac8ecb2111cecc72589e87f3ab7abc86f66b7d3f9dae3cc948fee8edf89aa7afdeda0d2da086512cac06d00e718e7269b697f0c1aec86e9f62b428aac7a038c91400f9acf54b141fd9971e643da39392bf43583a9df6b8140b83346a4f0146327f0adabbd4cc3af5b4769379d04e407407217dc526af3bda788ad1ae4136bb70add813d4d003f45d55edb459a4be94c934792118fcd8ec39a9eca00b6e751d50f99291bceee883d00a8fc5f6b1ff662ce0032230c11dc1ed57352b796ff00c3e63b265dd220c67b83d45002dacd6faa59f9bf67fdd3121770ea3d4566f952e93ad472ab93673811927aa9ed9a82cb4fd6ad2d15f78c403290039dc3b8a9efb56b3bed1a752fe5dc01b8230e430a009f5e966bcb8b7d3edd87cdfbc91bd147ff005eb4ad2d21b584ed8fcc70b92cdcb31c563db5f5b5bdfdecf772856c22af1ce36e78fc4d286d47582d7162ed6d146311e78f33d49a00b88d65acd9bbc4852546db9c6191aa1d3757648ee6dafe5549edf8f30ff10ec69be18d2efac9ee4dd950b21dd807249f5aa90c30de78c676f94ac498c1eec302803105d6aeb7988e49da52d918ce187b66b72dbfe120ba5c5c4c2d90f7c0ddf862a4f134e7ed769696e3375bc3a95fe1a778a6fe6b792d2dc398925199241d8671420257b71a45cc171033147c45396392d9e8df9d5ad51bed973058f588832cdeea3a0fc4d676bfaa598d2cc16d289a56518dbce31ce49fc296d7538adf599cdd9daaf1a28908e01c6707f3a007cf63a9580ce99725a03d227fe1fa560ea771adb3a2dc9986ee00538c9fc2b5e4d480f12411d9cfe7412801d01c807a714ed4ee1ec7c4f04972336ae9b50ff773400ed37567b1d119af24df71183f236777b0e6ad69d16d81b50d48ef9d9779ddc845f402ab78d2da3fb0473e00646001f507b5685cc126a1a1edb375569631827d3b8a00b1a6dc43aa5a7986dc2c44900381c8f5acab885b49d5e1b888936929f2dc1fe1cf4fc2aad9e93abda5b86fb460c1f34708390dcf20d4b7baddade699710cd986e427fab71d187a5004de20692f2e60d3adce3cc3be46ec1456a5bda43676c444bb9f192c7ab1fad6143a9dbdaea1732ddb856f2e30063248db9e3f3a7b35eeb5135c5b33dac4831083d5cfa9f6a00bb6f25a6b50480c6c8e8db483c321f506abd96a6d01bab3d4250b241c2487f8d7b7e3d293c33a6ddd8cd33ddc808939201ce4fad54fdcddf8c253c30893807b918a00c643aaade028d3999c9da7246efa66b6ed6cf5cba3b6eee8c11e307046e3527892e59a5b4b2b51fe925c3e4755a678a2f27b792d612c6389cfef1d7a91e82802eb59c7a3dc5b5c40c423111cc49cee07b9fc6ac6aaa6f75182c073163cd947a80781f9d66ebbac5a36986dad1bcd9197185fe103b9fca96db534b5d66696e8111bc71a6ffee9c66802cdde8f7d6e8c74ab928bd444c781ec2b9ad49359f3b6de994963f2286ebf402b767d540f11db0b094c914d859141e33ebf9526b134965e2482e27c9b67508a7fbbeb400ed37533a768ae2ee466ba8c12237041c1e00e7ad5dd36d960b66bfbf3bee1977b3373b475c0aabe31b747d3e39b8de1c60fb1ed56ee237d4f430b6b304691060f6f7145c0b7a6dd47a959f9ad0ec8989003f3b87ad655ddb1d1f5382f20cfd95dbcb917fba0ff004cd54b2d0f53b6b70c6eff00790f31460fcbee0d3af75a86e74eb982e95e0b9da46c61fc43d2803475f2f7b716fa740d8de3cc91bd145695b59c3670ec85016c724f563ee6b9e835186cefe69eed983b4318500649e39a90c77bad234c9249691a7fa9f527d4d0068413daeb504f0c90ed78d8a3ab7553ea0d53d3f523613dcd85f4a4f93cc4e792ca7a7d4d3fc3da45de9f34b2dcccade6672179c9cf5354404baf19104ee11a71f51ffeba00c69ed75117ca54cc1e473b1d8eddc6b6ed34ad5e65c5e5ebc687a80d935278aa792596df4fb6c99ddc3e7d3d293c5577716d1d9c3b99627ff5acbd4e3191401349651e8ef6d73003b5584731ce4b29ee7f1abba98fb6df5bd89f9a203ce940ee0741f9d656b1aadb4ba63dbd966562b8e07083ae4d2dbea62cf56924b956f25e18d4b819da719feb4016eef45b88c97d2aede0cf58f3f2fe1e95cf6a569aaef55bc924919f8550f92df415a93ea61fc436ada6c85d2521251d8ff91536b134ba7f886d6ee450d6acbe5e7fbbeb400db0bf3a3e8ed1dd971720165471d73c002aee9302c1686fef4f9970ea64763c951d702a0f1b2249a42ca71b95c6d3f5a9767f69e84ab6f214678c0cfa1ee2802f6957a352b5f39a2091b1210139dc2b2b50b5feccd460bfb72560cec95074009ebf4aa567a05edb445bed47cc4c189149da0fff005e96f35a8e5b09ed6fa2786e9908208e33ed408d1d78bdf5cdb69f0b1556fdec8c3b28e9fad6adadbc5670ac70aa8e3bf563f5ae621d4a1b2bf964ba2e64786208a073d3fc6a7f26ef5c2d3c85ed2351fb803ae7d4d0334ecef21d5e3b882e600ad1b6c743cfe46a9585f8d32ee7d3eee46289f342c79241ed4685a44fa74d24d713efddd8773ea6aa3bc773e2f0472224c0fa81ff00d7340ae63dc58dfa5e863e62991c9491cedc9cf02b7ed748d4a5502f2fe448c1e555f248a678aa79267b7b0b61ba59583127b52f8ae69eded6d620cde5b1c4841c671da81972f2d21d32282f2d170216c4841cef53c1cfafad6fab65548208ae4352d62dee34b7b6d3d5e4764dbf770107735d069e4b58db124e4a2e7f2a6068b75a8ee8ff00a3c99fee9fe54d7e0f53cf151cc0b465727e618a561a678f7c3b6cf8c61c7a49fc8d6dfc613fbfd37d76bff315c9da4b73e16f1219a5849921661b1b8dc0f1906a4f17f889bc42f6ce6dfc9f2723ef6739aed716e6a4b63814946128bdcd9f121cfc31d1f1ff003d07fecd4df01f85ac35ad2e49ef3cdf3164280a3638c0ff001a4d7c67e1ae8f8cf127ff00155bdf0a801a0cbcf3e79fe42a24da8c9aee5249ca09f6389d141d33c75041033623ba317d4671cd1e39723c657bfef2ff00e8229c38f886a47205f73ff7d533c7793e31bbc0c02e9ffa08ab8eb38bf2225a426977ff003297c67fb40f11da9933e49b54f2c9e9df35434fbef0725ac4b77a45ec9701009184f805bbe2bbdf1f78aac34bbbb7b1d4b478b5046816405d8704e471c7b571177e29f0ecd6d2a43e16b68e4652aadbfee93d0f4ae4b9dacec3c297fe1ab5d2758bef0e432c17d15ab334733127001208e7d715e53a4dd5949ab34faf2dc5cc0c4b32c6d86663ef5d4fc29d0e7d5753be6218599b592177edb98600feb5862c9fc31af94d6b4e5b848c95314b90ae3d41fd68ea17bc4db3a9f8232bff00124bec83d7cf355be29ec6f18bec5210c31601eb8da2ac0f13f874bf1e13b7e0f1fbdffeb556f8a2fbbc5ecea9b14c3110be8368e297542e8cf40d5be1be8c3c3535d59acb0dca5b994379848242e7906b81f02ebf75a243ac4703b0592d1d946780e31823df935afac7c50bdbcd15f4eb6b38edfcc8fca326e2c76e3071537c34f04dcea5a7ea77579198a39ed9a080b8c12c7f8be9c53d751a6b4b1c468973a726a2d36bb04f750907e447da4b67b9aeb6cb57f051bdb711e81741fcc5da4ce700e78cd73b6f149e19d6e44d73494b90b9468670429e78606ba1b0f15e806f610be14b4562ea010fd0e7af4aa8ee887d6e7d0e3d29c3a52700f14a7ad666c3581dbc7ad31988c706a53d0e29840273401c2eb30d9af88676d45a5589c0750bd0f18c1aea34696d64b247b14db07214631d2a9789e285041792aab24476488dfc4a7fa8eb535ab49716cab608b6d6a47cae46491ec3b5083a8bae6af1e9b6ed8f9a761f227a9ae5bc2725c9d75dde372250c642463dff009d6fdca69da4c8b2dd452cd29f98ccca5ff5ed5aba7dd5b5ec226b565653dc0e47d6811969a7c83c4af792aee88c7f293fc2781526b1a5db6aecac242b34676ee4e7f035775b69934ab96b607ccdbc63afe15cd787b5cb1d3b4ff2e7f304bb9989c6775004f77a2c1636f122b3cb7334a881dfa819c9c7e029e34ab7bdbdbf827dc92ac824465e0e08ff001ab5a54edad5f0be2a56da1c8894f763d4d4baf096c664d4ed97718c6c953fbc9ffd6a0086c344b4d325fb5cd333baf019f803b526b5a735f6a16135b8c796d977ff0067ad54d53c496377a4cd10490c92210148e87eb57fc1c673a3c7e7ee2031d99eb8a00caf1d79aff65454731805b20679ab5e18d6435bad9de9d97318c00dc6e1fe35d1dcc91430b4939508bc927a0ac18ee74cd66e0c62d9e4e3025d98c7e3da8036e69a31048f20ca05258633c62b88b93a65d5dc3fd9b1cab2c92282b8c2e335d5882e6cd0889fed1063ee487e61f43fe3595a49b6bed58cb6f12c315b8c84c004b1ea7f0e9403285ec7630eb573fda6252a48740bd08f7aeb74bb8b796ce292d5764247cab8c74acbf112c16f343792aabaff00ab923232597d87b1ab56de7de5ba791b6d6d88f976e0b63f90a100cd77598ec202911dd72c308839e7d6b9cf0a7da535976647daca4396047f9e6b76e4d868ee1e4b595dcfcc65dbbb1f535aba7dddbdec1e6db30653d78e41a00cd8f4e64f123debfcf1b27c87fba78a5d4f4fb2d6727ccfde45f2ee8cf23d8d5dd77cefecab9fb28266d9c63ad72de1dd76d34db0686e124f37796240fbd40172fb47b5b0b348e1dd25c4d22a077393d7271f80a906996d797d7d6f720893709519786008f5fc2a7d2a69358be379247b2da1c8881eeddcd4faf24d6ad1ea16a9bde2f9645fef21ff000a00874fd16cb49737524acce380d21e1734fd6f4f3a85d584b0103cb7dcce0ff0f5acdbef12d95de99344227323a95dac3807eb5a1e0ef3ff00b201b8042eefdd83d76d0050f1c89a44b554476881249519e6a5f0ceb40469637d98a741852e31b876ae8ee248a085a49c85451924d62c37d61ac4e22fb14b2274f359381f8d006e49222c4ecc32a0127e95c0dfcba6ea13c434f8258e79245538e17afa57602d67b44c5bc9e6c43fe59ca7a0f63597a6bdbea1abef4896148012a9803731e09f7c51d40c9d492c2d75fb96d46391c361d36f4e98e7f2aeb34bb886e2c6192dd3cb888e148c62a8788921b77b7bb75572a76346464ba9ebc7b75ab102cb7d0a344cb6f6c47cbb39623ebda8020d77598ec623143892e9b8545e71ee6b9ff09c7791eb6cd245200ca7cc6618ebcff3ae82efec9a310cb6324a4f2d2aaee23ea6afe997b6d7f079d6c7201c104608fad1e60ca234c65f11b5f9c346d1e393ca9a9351b2b1d6415670cf1123746dcafb55ad5a395b4db916b913143b6b94f0feb56fa6d93c1710c9e6862490393f5a00bd7fa35a69fa788a052f34eeb1067393c9ff00006a53a75b5cea5796b72990eab2a1e84718383f852e9134bacdf0bc963f2ed60e2253ce5bb9ab7afc12c4897b683335be495fef2f714010d9689a7e9329bb666ca74690f0b4fd6b4f1aab5949115c23ee6707f87dab26ebc536d3d8c919b690cac846de300d5ef06453a696c6e73b19f3183d7140153c6f0dc4e96c238dde10496da33cf6a4f0deae6dd23b0d455a1914610bf191e95d3dcbc5040d2ccdb513924d61daea16babcde50b09248738f3194605006fbc804449e4019e3b8ae0f529f4ed42e505b59c897124814b741d7bd759f6196d0136529283fe5948723f03dab36c248751d5c131ac49082557fbefd0907be280333544b2b3d7657beb77951d55931d0718e6bacd26ea2bbb08e5810c719e02918c56778812384dbdc801a546dbe5e325d4f51fd6a6b412ea16e8cae20b661c2c672c7ea7b5001ad6b49651b4107ef2e9f8555e71f5ae7bc2d6f7d1eb82496295410c2467181cfff005eb7af7c9d2577c36324a0825dd3923ebdeade8fa85b6a31892dc9f94fcca7a83420236d308f108bfe190a1041ec718a5beb4b0d6a3747612188e3721e54fa559d5a395f4eb85b6244c50edfad71da1eb91e956525b5cc0e640c492bd7f1a00d5bfd22d2c34f748232669cac4acc72793561ac609754b8b6b98c3472c48eb9eb91c1c7e95068f34dad5dfdae64f2eda21fba5f56f5ad3d6e098c097567ff001f307cc33fc43b8a03720b6d134ed25daeceefdd827739ceda76b1629ac436a616528240fbc1fe1f6ac893c5514964e925b379aca548ddc74ab9e0a8675d3e469b2b1336631ed4c06f8d2dee67b3b7582377456cb04e4fb7f5a87c3fa9be9ca963a923c4bd63671d01ed5d3dc3c7146f24ae55146e63ed59106a51eab3796b632496e78f31b181480d92e0c6ce391d462b81d56e6cf53936c562e974d204ddd3a9efef5d88b06b6563653141d7cb7e53ff00ad591653a6a1ac2095444b102500e448fd0907be280286aab6d69acf99796ad344d12b2e3b11c574ba35d477b6092c509890f0148f4aa9af288a18275f9ae227f913192e0f55a7d919b528448b2082dc8c048cfcdf427b500375cd663b2430c1fbdbb6042a2f383ef5ce787acf508f5b49a58645e4991987506ba3bc0ba4a07b5b169ba9664c647d7b9a9746d4e1d4a12d0965607e656ea28023974cceb915fe415d85581ede8453eee2d3f5a57818aca613c953f74fb1ab5a8432c9633a40f894a10bf5ae2744d67fb1e296d67b76de2424907073e868037751d2ad34fd3644b78ff7b3110866393c9a97ec5036ab25adca2bc5342a541f55e3f9557d1e79f5bbc1773aecb6849f2d339cb7ad696b9693496eb3dab62ea03bd0fafa8fc680191691a7e985aec211e58ddb9896dbf4a354b58f5cb0885bcaa53786de3b0ef586de2ddf03c72dab190aed201e2ae7826de74b29a47256295b280ff3a00b3e2db5b99b4f863b5467543f32af5e9c552f0fea13697b2cf558de343ca391c0cf635d35d482da279a57c220c93e82b1ec3547d525da962cd6d9c191c8c5006e0914a6f4c30c70473915c46a3790ea4e238b4f31ced204f30f6cd7506c0db65aca4f2bb943ca7e5dab2ed2e7fb435689a601123dde5003e591fb907e94014b5410d86b0649eccdc46c81947a11815d2e93762eec126588c21ba29f6aa5e20c442de68f9b946fddc6064b8ee29d67e66a76cb2b4de5c0dc7971f07e84d00375bd656dd5a0b21e75e30c055e76fd6b0bc3fa76a306b4af2c4ca8325d98f0723fc6b7ef8b6990836562245032c54e08ff001a9747d4e3d4a32d1a956538653d450024ba67fc4e63bf0c3010ab03d8fa8a5956c3584689b6cde51c123b1f63567528a59b4f9e285b6c8c8429f435c5691ad3e8d0cb6d3c059c3139ce0e7de8037b50d32d2c74e30dac41649d8460f52726a516909d5a6b5b98d5e29e256504775e0d55d124b9d5eec5fdc809045911463d7b9ad1d7ada696d966b56db7501de87d7d4501e8362d334ed2cbdd470e0a82777de207b526a36d0eb96d6cf0caa62570e587a7a573efe2b92482489ed8799b4ae41e326b47c136f3c3a7bc931c2cadb9173d07ad3024f18d8dcdd5a5ba5a4664546c95079e954f42beb9d1cadaea313ac04e55f190b5d3dcccb6f03cd29da88324d6369faa5c6a328f2ac41b52d8323376fa5203796449230f1b074232083906b88d5af06a2fe5369bb263204f308e9935d4b5888897b490c07a903ee1fa8acab2ba37baa42f72a1634c888a8f9646ee7f2a00a7ab46963aba48f662e51a21818e46383fd2ba3d1ee8de5824ad098792029f4aabe203b6281e3e6e95f3128e4b7a8fa629b6265d4e0df349e5c7c830a7183e8c7ad3019aceac21cdb58a99eedb81b06427d6b1742d2351875749a68b628c9762739cd7457a26d3e153a7d947228c9600e08ff1a344d5535289caa149138653420639b4b51ac25f06c610ab03f4e0d26eb0d6bcc88a89962382c4719f6356afe2927b39a28ced764201f4245715a5eb3368c92da3c0aec189eb8c1ef480e8354d3ed6cb4f305ac2ab24ee230475393cd3fecf1a6b2f04c8af0dc42b80c382578fe554f4596e756bcfb7dced1147f2c718e80f735abacdac93da0780ecb884f991b7bfa5002a69f61a6892ea2b70a50672a327f0a8af6de0d7ace0314a0c4b207240e78ed5cf1f165c9b731c96d19720a96078fcab4fc196f34562f2c9c2ca7728f6f5a02e4be2bd3ee6f2d614b41b821e573d78acfd1a7bbd13f71a84327d99be60ea3704fcaba7bab816b6ef34b9d880938ac7d3755bcd4a4dc964ab699c1676e71401b71cc9344248583a1e4115c8eab7935fbf912e9eb1b9902091979193daba392c91374b031b77ea4afdd3f51d2b22d2ee4bbd5227bd5fdca65607030aedebf974a008f5646b1d5a2956d56e43c400523382be95bda35d4b7764259a0f21b246d3c715575e6cc30f9209bb0e0c207527bfe18a6d83bea5116b972a17868178c1f43dcd002eadab9506db4d469ee5b8ca0caa7e3eb58da3687a841abc57130da14ee66ddd73dab7ef7ed167127f66db44c00e4138fca9ba0eb0352122bc6629e33875ed4013cda621d561bf0db5914a303d08f5a624f65ab89e008268e3382c57827daae5e46d3da4912b156642a0fd45709a7ead71a219ad0c08e558e79e873401d2ea9696f67a71b7b585237b86110da393934e4823875731caa0c5710850ac38257ffad547c3d2dc6af78d7f7846c8be48d07407b9ad6d6ed4dd5931898a4f11f3237f42280254b2b3d3d24b886d955954b7c839fc2ab4e96de20b18bca9331070c4639e3b7b57363c5778b13452451b49823756bf82adde2b0799cf1336540f6ef4013f89f4cb8bdb38a3b5c1d873b338c8c62b3349fb7e87208ef2067b57e494f9b61aeaaf2e12dade59a4ced41938ac4d2f55bfd46512456d12da6eda5989ce3bd00cda8278ae201240caeb8ea2b93d62e2eef49b69ac110b48231215e793daba49ed2100cd1b1b77ea5d0e3f3ec6b1ed2ee4b8d4a19af0136ca4a43205c066f523f950047aa42f61aadbcd0dba4e5a2da1586795f4f7adcd1679ee6c565bc844326480bd38aafe21706185220cd765c34017d4753f4a8b4d63a9464debb074243db8e029f7f5a004d5b547706df4b8da79cf05d47cabf8fad64e95e1fbf83538e798a85077336ece7daba2d43ed5040bfd97143f2e4956e3f2aafa0eb275032453c5e55c45f780e9e94032d5c69b13ea30df670f102083d08c536daeed35669a248fcc8a3201665f949f6ab974be75ac918246f4233e95c1596a977a14d7166a91be1f9cf63401d56b16d059e98f0db448924ec2250a31926b56de211449181c28007e15cd78765b8d5ae9afaf5d4888ed8e31d14fad752a4647b500388a42a0f5141703d69af2858d9b9c2824d0057bcd3ad2ece6e6da2971c7cea0d543a06947fe61d6dd7fe798aada17889b5958e58b4eba86da404acf215da71ec0e69ba9f88fec9ab9d3edf4fbabc9922133793b4614923b9f6a69b42b27ad8d47d2ec9ed92dded613021cac654103f0a5b3b0b6b38f65ac11c284eeda8b804d43a46b16fab589b8b7debb5ca3a3ae1d1875523d6a98f11db7fc23926b3e5c9e446acc538ddc3153fca8bb0b22eb68fa79b8f3c595bf9d9ddbf60ce7d73514fa2d85c4cd2cd6904921eaec8093526a3ab5b69da77db2e5984642ed5032ccc7a281dcd56d2b57b8bcb9f2a7d2eead1181659242a47d0e0f068bb0b226bad1b4fbb60f75656f2ba8da1a48c138f4a80786b480dce9967c7fd3214badf88acb48bab0b7ba66df772ec5c745ff0068fb6481f8d5cd5751b7d32ca5bcbb7db120c9c0c93e800f53c521d85b7b482ce011db431c499ced4500532eac6d2f102dd5bc53007a3a0359d61ad5cdddc4693693776d0c809595d9481c67e600e455b8f5289f5a6d336379ab009f776c16231fa500887fe11ed247fcc36d3fefd0af14f8b1a6dd4be369daded6778bcb8c0291123ee8f415ecf7faf791a8496363653df5d44a1a51190a2307a649ee7d2ade91aa5b6af666785191d18c72c722e1e371d41a17706b4b15b4dd0f4d5b4b76feceb659362f3e50ce715b088a830a00503800573da778b2c6ff004bbfbb895d5ecb799216e1b0b9e47b1c75adab4bc8ee34e8af0e52392212fcdd8119e69b04ac3ee6cadaed71756f14c0767506aaae85a5ab82ba7da820f04442a1f0cebf6de20b392e2d43a0490c655fafb1fa1183566cb538eeb53beb254657b428198f46dc33c51a868698e87d694ff2e281d78a290c5e0534f6c5293c7e348dc0e280312e4472eb645d15f2a1877a063c1249c9fd2a9d95cb431bcfa529b9b1c9dd174643fecfb7b56b6afa5dbea2aa2e14e4746538229da6d843a75a882dd484073cf24d00644fe2182e2178a0b5924948da524c2819f5cd57f0e3dae916f27daeee159253b8aab6428adfbed3ed6e76f9f0231638071cfe759ede18d35989f29c7b6f38a0562f7f6b58345bfed5115faff4ae2f52d214a5c5e46654b61f3079072c4f602bb3b4d22c6d0030dba038ea464d58bdb38af2d9ede75cc6dd871401cbf82f550a89a7ceac1ce5a3623823d2b43c53ab2dbc2d671066b8950fddec2b58585b89209044bba11843e829cd67035cadc98c1982ecdded40cf3dd374a375682e80770a712227de5fa7ad76b69a8e9f05a469f6854545c624386181dc55cb3b182d0388136ef6dcdee4d36ef4db5bce2e208dfdc8e68158c8d6af6c354b092d63bd8d24386527819aa5a66aaba5daa417300210603c2e1837be3ad6a1f0c6985c9f20fd371ab96ba4d9dabe61b740c3b919340ccbb9bab8bfb47728f696006e91dbefb8f403b5207b39134e9b4f2a089022a8ea54f507f9d74324492c4d1ba831b02a41ee2b3f4ed0ecac2632dbc58739c12738fa50042ed08d5ee64bc650b1c43606e983d4d54b49a4860fb4694a67b1624184f0c87bedff000ad8d474bb5d400fb4c792a30181c11535b5ac7696e90c0a15168039c9bc44b3ac90456a7cd23056760a07d69ba05c58e8d048b71791b4b21c9087216b7aef4fb6baff005f0a39f5239aa47c37a61249b71d3b31a044ff00db7a71527ed519cf6079fcab93d47488d967be413436e0120c9f7989e981e9f5aec6d74ab3b5c7936d1ab7ae39fceac5ddb47756cf0cea1a26e08340ce57c23a979023b1b8561e612d131efed5a1e29d50411359c0acd733276ec3a7f8d6b8b2b72d0b98d7743c4671f77b53cda42d70b70d1a9982950ded4311e7da5e922eedbcf1ba40ad89635e187d3d6bb1b7d534fb6b68e269fcbf2c6ddb26430c55fb4b386d3ccf2102f98c59b1dcd25d595bdd0c5c431be47f10a00c4d5b54d3353b292d16f1519ba31040c8aa5a56aeba55925bcab1ce1380d03824fe15b27c39a5eec9b65e3dcd5ab4d2eced71e45bc687d42f34019f7571737d6cf24a8f6962abb9ff00e7a30f4f6a8de7b39a0d3e5b0655912650a80fcc01e1811f4adf60ae851802a7820d51b2d16caca632dbc215cf72738fa50056964853599a4bc75511c23cb0c78c1ce48aada7c8eb135d6940cb6ac4eeb76e307bedff000ad7d434db5d4100ba8c3e3a1ce08fc6a6b2b68ad2dd21810246bc002819cfcfe22f315e15b6114bd0f9ec140ff1aaba1dde9da2c1209af12496520b040481f4aea2e6d20b9e2789241fed0cd506f0fe98c431b58f3408175fd35d015b85627f840393f8572faa69092a5c5f049adedc02d973f3313edd866bb2b6d3ed2dbfd4411a1c6385a9ae608ee2078a650d1b0c1068038df09ea6f66f1d95c46fe5cc73139f5f4ad7f146a4d6f17d8ede366b99d0e36f615ae6ca0cc39894f93feaf8fbb4f7b689ee12664532a290ac47201a00f3bd2748379149220792489b12444ed247b1f5aeb6db57d3ed2d92291dadfca5dbb25073ff00d7ad582d61b76768902991b7391dcd13db43700acd1238ff0068668030352d634bd4aca5b53725370e1b69e0d52d2f56fecbb616c443728bf71a16f98fd456f3683a6924fd922cfd2acdb585adb63c88238f1dc2d3032a69af350b6679a36b3b3505987591c7a7b545f6ab2b8b3b2365849525511c7fc439e47e55d2150410c323a1154ad34ab3b49ccb040ab21ef4014ae26820d65e4bc7545484797bba753bb1efd2aad84d24a925e68eb988b10f6efc063eaa7b56ddf585bdf4612e6259003919ed4eb5b58ad61115ba0441d00a00c1baf10cbb5e1fb32dbcd8c1f3db007e9cd52d12f34fd1924325d096695817d8a703e9f9d75b34114e844b1a38f4619aa4fa269ce73f648b27da80183c43a7c89f2ca59bb285249fc2b9dd4f498e559ef9e192de000b618e5d89f6ec335d85ad95bc2a0430c698eb85a74f1a4e1e39503467e520f7148671de14be96c1e3b69e27f26e1ff76e7a73e95bbe20d49ede15b4b78ddee2752176f6f7ad25b6876c63cb5c45f738fbbf4a93c946943b2a975ced6ee3d6812d0e0348d245f4721019a785fe78d8e323ebd8d7536baad958dba412ac96de58c04914ff003ef5ab0dbc50b3b468aad236e623b9a73c51caa56545719e8c334c2c60deebba5de5bcb6d24aea2418ddb6a969baa1d36116f13437510395f2c90df962ba06d1b4f66c9b48b3feed5882cede003c98a34ff7571480cb91efafe1679e336968aa59901f9dc7a7b554fb7d9de585b8b30239a39544517f1039e7f4aea00c8c11c553b7d32d2da769618234727a814c0a5753416dad2cb7aea91f9388cb74ce79fc7a554b390dd19af7471b486db244ff007643ea3d0d6edd5a4377104b88d645eb861d29d6d6d15ac222b7458e31d80a4073975af5cc7ba296d16da4e46e949dbfcaa8e8d7fa7692b2b4972669a439631af03e9f9d7672c4932ed9155863a119aa4fa4d813b8dac3d7fba28029c5e23d3e5fb8f2339fe10849358baa6951dc09af5e06b78541908cfcee7e9db9aebaded20831e5451a7fba3152491ac91b248a19586083de80385f0b5dcf60d147344df66b97c239f5f6adff00136a325b46b6d6b117b8b852171d862b5d2da2548d4469b63fb831f77e94e6891a4476552c9f7491c8a6079ee8da51bb33ae31750b7cc8fd187a7b1e0d74f6da9dae9b6ab0dc412daec18c152c3f035b11c11c72c8f1c6aaf21cb1039269ef1ac990ca08ee08a4339cbff11699776b342ed2f94ebb49db5474cd4e4d3a1305ab457b103f2050430c9fa574d269764c1b36b0938cfdd152dac1144b88e244fa0c50065bfdbefa1692f13ecd6a8bb9a243977c73827b5565d4ad2f6c2de3b5511dc2cabe5c43a8c1fe58ae949e3a7155adf4fb58266961823491b92c073408a3793436bab19af182af9388c91c673cfe3d2aa5934b771c97ba58f25f790d13fdc931dfd8d6edddb4373108e78d645f4619a58218e18c2448111780ab4c0e72ef5abd506296dd2d5cf05df247e18aa7a46a9a769492112493cd237cecab81fafd6bb16457521d411ee2ab1d3acce49b688ffc0452028c1e23b39b0225999ffba1326b2752d296749efe7b6f222552db01cbb1f7f4aeae1823887eee35519ec315232abc655d43039c83dc500713e1abbbad3e48a39a06fb35d30d8defd2b67c4f7f3c623b2b488c92dc02323b0ef5b5e54616301142a0f9463a5232296562a0b0e01ee2981c168ba57da45cab478b981b957fba47a7b1e2ba28354874eb6586e6d26b7f2c6000bb97f035b490c68eec8aa0b1cb103a9a936a95f98023de80399baf11e9b7b0cb6f2a4c2271827154b4cd4a4b08bc9b27177167e4428430fcabac3636a58130444faed152c70c7180234551ec28031192fafe067bd1e45b80498633f33e3b135563d56d6fec63b7863f2ae564509101f7707afe55d411902abc7676f14ad245146b237560bc9a00ced42e22b3d592e2f0ed8bc92a8d8c8dd9c91f5e9552c5e4d4c4b7da7036d2862a4372b28f715d04d0c73c7b264574cf218669d1451c49b2255451c6d518a4073577abea50ab4773025b1ff9e9b4b8fc315474cd5f4ed24394334f3ca72efb702bb775041c806ab3595b16c9863f5fba2981976be23b7b818860b877feeaa67f5aced4f4b5962b9d42e6d9625552c224fbcc7d49aeae34441f22a81e8062976865dac0107a83401c3787a5bbd3a4837424daddb000fa1ed5b9e25bcb9458acad232d25c065dde8315b7e5a00a02a80bd063a52b2a920e01c77a00e0b46d23ed4d730b26cb9818643f2a7d8d7449a97f6740b15cd8cb105181e50dcbf81ad958d10b155019b96207534e6008c373480e5aebc4965751496f3dbca2271b49c8cd54d3af27b5fdce9ced7309e423c47233ee2bae36d0b31262427fdda91515785551f414018c6dafef22326a3b52151b84117f17b135457558750b55b658b65d6f016351c2e08e6baac7bf4a856de2472e91a2b1ea40e4d0332b50b88ec7538eeaeb222f28a060320367fad57b167d5964bcb406d6756da1ba8907b8adf789645db22865f422a48a3448c2c6a1547400631408e66f2ff005787293c4b12ff00cf58d0bd51d3b54b2d204cd1c73cf348773bb8db935dbe370ed513c1137545cfb8a00c5b3f11a5d711595c33fa01c7e755b50d35a649efaeedd102a96112756ff78d7468a107ca00fa54980410680386f0f1bdd36581fcbcdadd381eff005f6adcf125c5ded8aceca3cbdc020b7a0adb08a0050000bd38e94b8c807009e714c0e1b45d1cdc35cc122797730b0f9986e539ec457411df4da74223b8d3dc2a700c032bf976ad94503240c13c9c77a791f8d007273f89ade746866b294c4e30c09e79f6aa7a6dcdc5aa94d244f2c64e4452c5f77f1aed4c487aa29e7d29c8a17a00052030d6d2f6ee2dfa9b28451b85bc7c063ee6a8aeaa9a8599b3fb394bbde15515785c1ebed8aeadbb534431ab165550c7a9c72680323539934fd423bbb94630884c61946769ce7f5aa7a717d655ef6153693ab158e45fe35f423bd74aeaac98900607a834d8d55176a80001d00a067337973ad440a4ca027fcf5863dc71f4aa161aa5b697e608adae269a4e5de4e09aee0f38fca98510e0ed5ebe9408c1b3f103dd00b1e9d705fa71d3f3a8eff4c7b859af2f608c1442cb0c639638fe23deba55017000033498e0503383d09350d3cdbdca47badae5c2951c9c67ad778b8f4ed42a80b800003a52afad3158503be314c9577c2ea07254e2a43df9a424f4a43387f03e8b73a51b74bad31e2951583dc7da7729c9fee55cbeb6d4ed7c5936a36360b7514b6a90f3304c30627d3debab3d4fe54839cf39a6230fc31a54f6315e4d7c63fb5deced3c8b1fdd4c80028fc00e6b9e6d1f595d02e7c3d1dac2d04aecab7865c008cf924ae339e6bbe079a00e39345c2c60f893489aff004ab78ecdd16ead258e788b8f95993b1f635269975aacf73b6f74d8ad210a77379dbc96f618e95b472475a186680b1c56afe149f5dd4f50b8bdb896de36416f6eb1107283924e4704b7f2abb7ba3de6abe148acef1922d450236f1f3299108209f6381f9d74e73c7d68f5a2e163034db8d666b88e3bed3ade08867cc9566ddbb8fe118f5f5a7ae9d3af8b65d430bf666b358473cee0e4f4fa56de324fb51ce7b75a433959ec753d2f5dbfbdd32de2bc82fb6b3c4f26c647518c838390455df0c6953d8c5793df321bbbd9ccf2aa7dd4e000a3f0039add390dcf4a51c0e7d6803cfa6f07ddb7868a40e906ad1899430395911d98ec6f6c11f435b77fa5decde12b7d2a065495a38e099f77dd4c00e47a9c03f9d74bce78fa5253b81cae87e1c9f43d73cdb49e49aca78424c266c9565e108fc3229cb6dab58f89352b9b4b286e6deecc5b59a6d8576ae0f1835d49fe7483d6815897f85a8ec3e828a290d6c0df7c521e83eb4514201afd17eb41ea68a28014f6a6f65a28a0017a2fd294f6a28a6201f77f0ff1a3b51452187afd284ebf9d145020ee3e94a7ef8a28a63117a528e868a2900b4927ddff003eb451400c3f78d1fc3f85145301cbf787e1fca83de8a28001d2957afe1451400375fc293f857e945140841dfe94abd3f0a28a03a8d1d0d3bb5145030edf9d0bf757e945148041d69bd85145310bdc7d281fc7451400a7ad28fbc68a28023a56ea7eb45140c1bb7d28fef51450205e941e83eb451400bfc43e869a3a0a28a004ee69474fca8a2801d1757a6b7de14514021076fa52a7defc28a28017b0a3b9fad145002f63f5a5ed451400e5e9f8d35ba9a28a0007f5a56a28a0603a7e348dd28a28109dbf0a3b8a28a01087a8a1bef0a28a0045e94a3ad1450c635bf8e9a94514980ff4fa538fdd145140310fdefc69bfc34514d00abd4fd2907dda28a0051f70503a1fa51450203f769adfd28a280014eedf8d145002d22fdea28a000fde341e868a284039bbd27f17e3451400f1dfe94ca28a060bd3f1342f5a28a4007a1fa0a41d051453109dff001a56fba7f1a28a07d441d07e340fbc68a2810e1f769a3f8be9451400be94e5ef4514000e8687ea28a280430f5a70a28a003f8cd0bda8a2818e1f74d29fe945148407fa50bd07e34514000feb4aff00c54514c043d17e9483fa5145003bb8fc29abd07d68a2801c7ef7e340e868a280117eed28edf4a28a180a69076fad1452401fc5f95357ee7e34514c62f61451452014fdc1f4a1fad145020ff1a4fef7d28a2818a3ef9fad277fc68a281313b8a0ff00ab3f5a28a60277a41d47fbb451400a3a0fa528fba68a2901ffd90d656e6473747265616d0d656e646f626a0d372030206f626a0d3c3c2f42697473506572436f6d706f6e656e7420382f436f6c6f7253706163652f4465766963655247422f4465636f64655061726d735b206e756c6c5d2f46696c7465725b2f4443544465636f64655d2f486569676874203530302f4c656e6774682039383730332f537562747970652f496d6167652f547970652f584f626a6563742f576964746820313133363e3e73747265616d0affd8ffe000104a46494600010101006000600000ffdb00430006040506050406060506070706080a100a0a09090a140e0f0c1017141818171416161a1d251f1a1b231c1616202c20232627292a29191f2d302d283025282928ffdb0043010707070a080a130a0a13281a161a2828282828282828282828282828282828282828282828282828282828282828282828282828282828282828282828282828ffc000110801f4047003012200021101031101ffc4001f0000010501010101010100000000000000000102030405060708090a0bffc400b5100002010303020403050504040000017d01020300041105122131410613516107227114328191a1082342b1c11552d1f02433627282090a161718191a25262728292a3435363738393a434445464748494a535455565758595a636465666768696a737475767778797a838485868788898a92939495969798999aa2a3a4a5a6a7a8a9aab2b3b4b5b6b7b8b9bac2c3c4c5c6c7c8c9cad2d3d4d5d6d7d8d9dae1e2e3e4e5e6e7e8e9eaf1f2f3f4f5f6f7f8f9faffc4001f0100030101010101010101010000000000000102030405060708090a0bffc400b51100020102040403040705040400010277000102031104052131061241510761711322328108144291a1b1c109233352f0156272d10a162434e125f11718191a262728292a35363738393a434445464748494a535455565758595a636465666768696a737475767778797a82838485868788898a92939495969798999aa2a3a4a5a6a7a8a9aab2b3b4b5b6b7b8b9bac2c3c4c5c6c7c8c9cad2d3d4d5d6d7d8d9dae2e3e4e5e6e7e8e9eaf2f3f4f5f6f7f8f9faffda000c03010002110311003f00fa63f1a5c7229319181de9c3b56821bdc9cf34d604118fa114fc7cd8f6a64870c076a004c92727a76a5fe1c9ed5196efcf14c66271d7ad202479154aee600b7033dcd3b27b5577d8eca597250e4123a1ac8d67c57a3e9008bebf86371fc00e5bf214d033798e39069b23aa465998051ce4f6af2ed4fe316950c856c6d2e2e4f404fca0d739af7c54bbba85623a7a451b1cecdf9dc3dcd528df725cac7acbdfc9aa5cc96b660a5baf12cc783f45ff001ab85ec74a8305a3813d09c66bc8b49f895abde3158f4fb68a23d6419e3deb3eff00c48cf325e5d16bc8d1b320cf007715b469dd76464ea5bcd9edba6ea56fa879a6d9c3046c1ff1ad01df35e5be11f881e1988791179f68f21e922e724fb8af41b1d56d2fe31259dcc728ff006581c56325db6358bbee688fbb403ce2a3320c0e68de092338a92897279c7e748c73c75a607e0f346fe7df3408b0a36814e1cfe5510901272462a4561b4fd68011852638233d6959b00f23ad3778e28024ed93f8d2b67afe151861c82694b0f519a0639b148d91839a37719fca98d20f6a043d867bd31b9cf7e681203dc640a370c03c5001ea2971c7e148ac391c52ee19c1c0a007739a77d4d3038a5de38231400a472727b52376a4623771416073cf6a0053d6907f0ff3a42d81cf5a377bf6a005ee47bd2a9e47d29a58647bd2e71df9a0051c1c74a070bc52039c63ad1b850007852283c2d0586ea09e9ed40083939a71e7f95341c83eb4e073400d8f3d18d281c8a011b80fc682dd3d680171b79a728a693c519e0d00079fae697a503ad27028017001a423ff00ad4a48cd19f9a801b8fca90fddcfa1a5cf38a3b63de8014f4f7a01c1fca909eb475e9da8025f7cd31bdcfbd22b609a5241cd0047819fd297b9a51c9a51c1f6a005518e3b528efcf5a427e6fa52e40228001ed4b8cf7a051d78a004c75a6639f7a7b11bbeb4d38a0041d0e69475e69090294918fd28001918a08e0e7d2933ce0d3ba93ee280019c9e7bd1d0520e3af5a09e68014d1dbaf349919eb467e5f4a0051d293bfad19a077a004c7140a33e949c6093400a73b467d681d33de973eb40e98a003bd18c0c51ed41e94006383ee683c10074a53df148c73d0f4a00297e9480f4a09e3ad0007afe9484734b919fd683d7ea6800ee7d68c52139c9a3d31de8017d7de93b7bd29e09a0d002019239a53fcf8a09e063ae714bdbb74a0043d7149d4714a7a8ef49d8e38c5000b8ebeb9a520e3f0a00daa3bd2fd680107b51d47e18a075a074a003a9a403a8ed4bdc1a3b1a060063bf6a0f1fd6954f1f4a4a0418c7e7484739cd38f03de90f3db9a0043ffeaa50793edd283f74763da853c0a007270c0834d6e587a6685386ed80295b823d300d0007f98a31cf5a0fb74ef40e99a003afd6908cb528ef4bdc50037f98a00eb9e99a3b1c0e697b1a006fbf734bd68eff004a3bfd050018cf4e69074a5fe1c0f4a38ea2800efed4801dbf4e283c8fad3874207d68003d3f4a68e0f34a70339e941e01f5a004c6052e3e6f7a0ff851df9a003180290fd7a0a51c81e8283c9f6a004031f8d1dc7b529eb9a0f6c50018e28ebc83cd28eb8ed9a43f787d6800c74e690723e94b40a0014fafa50739c7ad3473cf029f4008473f5a41da9471c8e68f4a0041e99c67341ed4a3838a31cd0007d693b7eb4ee9d6907dec75a0634f6c5398704d2f7e9de839c7d280131eb51bf6a95aa190e1c0a00463c5739e2cf17697e1a8375ecc0cf8ca409cb9ff000ae5fe247c458b450fa7e92c92ea1d1dfaac3fe26bc1ef6f67beb996e2f26796673967639269a44b763b5f14fc4bd5f5832456ae6cad4ff0447e623dcd70ef2b3bb3c8cce4f396393501627a77ef5a5a4c50ef69ae89d89f7411c337a1aa4afa10df725b647b044ba9a352c71e5ab77f7c55cd274f4b80fa85f102204b05ff003daa7b4b1fed067bdd458c71e3e45e8145676b7a9f9ec6ded5b16cbc71c6e3eb5b59475667f1688b9a8eb4d337d9b4d4daac42860304d49a8c0f0e9b6fa6c0374f261a4c53bc2ba7e14ddcca72dc479f4f5add91d565fdd8533118fa7a66b48c5c95e5d486d276467e8da447651e67d8d29f9b701f77dab06eb519b4dd6249b48ba922c364323639ad7d76fa4b4b55b78dcb5dc8392a3b572b756f341b4ceacbbc6466b2ab38ab411ad2a739273b687aaf84fe2ccb1b476fe208bcc5e9f688c723ea3bd7aee9ba8daea76f1dcd8cc9342c386539af91ba7f8d6f784bc53a87872f965b294988ff00ac858fcae2b1b5cd13b1f550e40e29ca003cf415cf7847c4f67e24d3d6e2d1f6c83892227e6435d083cfbd4dac55c9500cf14f7036f4ef51c679c0a95cf1d28181008a4da0f6a70fbd8f4ac8d535eb5d3e711389247c8ddb0642fd4d006b6d192719a6ba8c74f5a6c1711cf02cd1b031b0c8359f7bae58db290d36f6191841ba803440c823b52155f4ac05f16e9e0ed3e681ea57a568596b3637a408a75ddfdd6e0d022ec2abe61e38c5485171d3a552bdd421d3d2369c9fde38418a923d4eda4bd36b1b86976efe3918fad004d2280b903b8a76d04f233c75aa32ea96a26b8b76942c96e033eee38f6a934dbe86fac85c424843c7cdc6314016c22f1c51b57078acabbd7f4fb4c879f7301d1066a90f17d86f0364d83df6d00746506302a365518c0e6a959eb565758092ed63d9c6da9b52bd8acad1ae253f22fa77a00b3b477146c5ec2b3749d661d409012489f190ae3ef0f5151ea7afc1a7ca50c524a57018a0e17eb401ade58c668f2d4afb9a8edaea3b8b64b88d8796ea1813c71546ef5eb1b73c48d291c7eed73401a180b20c743cd3822e7a5737ff00096d909398e60307a8ad3b1d72c6ec0db36d27a0718cd0068f960673d40a4083a7355355d4e1d3e18e49f256460831fce88f53b69750fb246fba4d9bf2bc8c5005bf2c638a10023073d6a93eaf6a9753c0f26d7857736ee33f4a7697a8437d662e63caa12461bb5005c08319cd1b01e99e6b2ef7c43616bc7986423b20cfeb5413c5f6858810ce71e82803a3283d4d220fbe2b36d35db2b8214bb44edc012aedcd59bebe8ecad24b994e517b0ef9e94016c20f5346ce49c9e4d65e93adc5a8b04f2a485cf2a1c70c3da9bab6bd15839410c9294fbe57a27d4d006bece4f27d69a386c727bd476b7715c59a5c2362275dc09e31f5aceb9d7ece166d85e661d7ca52c3f3a00d5d991d4d1b0fa9c75ae71bc6168ac55a09c639e455fb4f1058dd15c3b464f03cc5c0fce80350a77dc68c61ba9e6aa6a7a945616eb349f32bb051b7f9d471ead6d2ea696b1b891dd0b82bc8a00bc149da72734bb4e1be63d2a84babdac7772db4b208e4894312dc03ec29fa66a715fd99b84051012a777b5005b2a70064e682a464ee359377e22b28376d67988383e5ae47e7543fe12e81c90b6d337d39a00e997e64ce6970dc1dd5936baf59c81564668588e048a5455dbfbf8acac64ba90ee8c0fe1efe94016829e9ba9761c1c37b565691ad2dfb05782485d86e4ddd1c7b1a66abafa58332a5bc937964798cbd173ef401afb5b3f7a9195b3f7aa1b7bd867b28ee838589d7765b8c5675d7886d1322012dc60e0f94848fce8035b6b75cf5a40ad8e5b8ae6a4f17c48fb1ad275c75ad1b4d7ece7c062f113ff3d1481f9d006a9573d1b9a5dadb7ef550d5755874e82299c6f57708083c73de92db58b6b8d405a42de6318cbee5e47d2802f856c75a401fae7b567cbaddac3773c133796f1a6e25ba1fa54d61a8c573a7c774711237f78f4a00b386f514b8738e6b1ef7c456b067cb8e6987aaa9c7e75523f15ac92612c6661e8bc9a2e07464367231461b15996faedac842cdbeddc9c0128c54dac6a69a758fda4af98090aa077cd005c1bbaf19a30fc838e2b3f47d55af576cf6ef6f311b82b7f10f5155353d7dad657f2ad1e5811b6bcbd067d05006e156391c74a521bae0542b7b0fd912e5dc47130072dc7159971e238003f65827b803ba2f1401aedb80271cf5a773c102b971e2bc9c358cc0e3907ad68d8ebb6d364ca24801c63cc5207e7401aa8fbb7282a594e0807a1f7a5f98718eb599aa6a7069b242db01170e033af41ee7d69f63abc17b792c1065844a0f99d8e6819a009c118e868cb7a77ac597c416d14b791cb94780e003fc7f4ab965a9433e991ddcc442ac32431e9da8117790381cd196c648f7ac3bcf124500fdcdb5c4c31f782100d558bc533cb811e9d2b7ae3b50074e0f1d2932c074ac7b6f10dab3aa5c87b673c7ef3a559d5f548ec2c3ed000954b00bb4f049a00d03bb278a373038dbcd66e97aa3dd4822bab76b79993cc507a30aaba96bd25b48ed0dab496f1bec797b67da8037327a60d2a96e98f6aae750b78ecd2ea79162899430dc71595278911f3f62b59ae067a8c01401b7b9b2320fa52e5b9e0d72dff0945c2cc51b4e941e98e735a76dafc4c01ba826b6ff0069d4edfce8035893e94acc7d0f02b3357d623d3d2ddf01e395f0581c803d6974ed6a1bed425b7b7f9d2340dbfb50069127038349b88ec6b1ae3c476d6f71790cc0a3c3c283fc756acb558a5d362bbb82210c3382680340b1f43cd009f4358979afb4699b7b1b89571f78ae055387c477b2b6174d7233ee28b81d397200e0d193e86b1a3f115b8709768f6edfed1047e956756d512cf4d375101303c2ed3904d006806200e0e68ddce704d65e93a9cf3b2457d6de44aebbd08e8c3fc6ab6abad5cdb977b4b5125bc2db5e427bf7c5006e163ce476c501b39e08aaa752b74b08eeae1c428ea1be6eb594de23f38916168f3f279dc07e9401be5bda94be401ce2b966f11df2b80da6b824f4c1ad2b5d70100deda4f6c338dccb95a00d82ddf9a40fcf7ed593aceb71d8456f2a0592195b05c1e00ef4ed375a8b50d426b7b652d12283e67bd006aefc73eb481b9c7358973e2382da7bc8665292423e4c8fbdc559b2d5a3934d86eae8ac4641d3d7e9401a45f3eb40719ac3bcd7668c136ba74f227f798607e554e1d7b539242174dca9ea791401d3efcf4ce7ad296c560c3e24855fcbbe88c0dea1830fd2adeafaa8b6d30dd5a859b710ab8e464d0069ef18ef481f81597a4dfdd492245a8db88a574dc854f04771f5aa9ab6b17b17992d95b2c96d0bec773d49ef8a00e80b03ef46f19fc6a99d4ade2b28ae2e58442450c15baf4e98aca6f10bdc3ffa05b093afdf7009fc2803a1de30690b8e0e6b96fedcd5967d8da6f1e801ad287587550d7d63340bd3763701401b1b864f346f1cf358dab6b496715a4d10596091f0ee39c0ff001a7e93aba6a37b3450c7981064498ea7d28035830f5ed46fc77ae7aebc471dacf790cd1ec78f88c63ef55eb6d563fecd82e2eb0924833b00c93f41480d30e280c38248ac3bbd52f82136ba6c854f219ffc2a8c5ab6b32127ec0814752df2803f1a607541c71c8a0c80e715cfc3e2481182ddc6139fbd19dc07d6ad6adaa0874d17360ab39760aa579033eb401ae1c0c648a466183cf6acad1ee6ed9961d4e24499d77a6dee3b8faf354b52d52fd4bcf67021b48df6124659b071f9500745b80239a4dc0e39e6a8dc6a76d6d6d14b74db19d4109d5bf2ac6975fb8b87dba7dbc5bba8123e09fc2803aa07239f4c5078c8ae49758d755f0d600fb05ad38357b844cea1632c0a7f8d7e603eb401b7d326917a7e3585ac6ba2ca4b2921c496b313bdc73803b54ba26b1fda97372238c8b78c8d8e7bd006c8ef4007391464e283d3ea280154f1f8668e76f3de940c03f95078140c616183e95e69f16bc6c342b6fecfd35c7f694ebf330ff964a7bfd4d761e30d760f0ee83717f3e0b28db1a7f7dcf415f2b6afa84fa9ea135e5e3979e662cc4d0b513762acced2c8cf212cc492589c927d699f2e01eb4a08e7bd201c81fcaa8824b6824b99963890b31fd2bb0b6b04ca3cca12d6dc610371b8f76350f872cfec360d71701519f9c9ea05666bfab9ba99a0b76fdc29e4ff007aba1250577b9936e6ec85f106adf6990c36c48800da7fdae6abe81a71d42e3748a7c843f31f5f6aad656535dcaa88a769eadd85762b25b691a6617e555f6e59ab28d484a7693d4dde1eaaa5cf18bb7726bfb91656a1608f326dda918ff3d2b374c85ed84d7b7c4f9ec327d1454da6dcbde5a8b8963da492013e946af0b5cd84c91b10c4640f5f6ae2c4636a2a8a36e547b982ca684f0eeaa7cf2b6de7d8955a19e412a6c76c6370e4d63f8ad1cc31155f901393ef599a2dcb5bdfaa2ef2ae76915d5dd42b736cd138e187f935c7514a8565393b9e861e71cc3092a505cafb2fc0e089207140a96ea16b699e2907cca7f3a8b23a918af5534d5d1f2738b837196e8d9f0c6bf77a06a91ded9b9ca9c3a67e571e86be99f0c6bb6bafe930df59b655c7cca7aa37706be4e07031dabb8f857e286d075d58677c585d10b2027853d9aab7d095a1f4a467e753daa463f28aaf0b865054e47ad4cdc81f9541a12e793c7bd60efb5864d46df500aa1dcca091f7d481d3f956f27eb8ae6b599ecae75458af655486dc0fab31edf875a044b6f612dfc08b297b6b203f770a1c123fda355f55d32df4cb279ad67685d0642b1c863e98ad653736d12b447ed70632327e6c7d7bd66ca747d52eb74c4fda3bc7212bcfd28025d0e3b7d474e8ee2e2d22f309209dbd7deaf5edb5a2dacaf2411ec45ce0003a7bd59b43108952029b1460043c0acaf16c334da438b7dc70c19947520526071b77aabcf6ed005630e7727987250fb1aebbc2ba6456d66972dccf22e49ce702abe91a169d77a5c123464b3af2d9c1cf7ab7a323e9b74fa6c8c5e2237c2c7a91dc531143c65a6c66d9efd06d98603f3c11d3f3ac4b2d536a416f3c64dba9e6346da18fa9ae975581b58d43ecccc56d2df064c7f131edf8552f1168d6369a53b5bc244e582a6dc92493ff00eba433a54b5b530051047b31d36d637898a69964af656d12c8edb77ed1f2d696810cb06916f1dc13e605e41eded562f3ecd2a7957463daff00c2e4734d818ba7e91677b6a925c4cf70eea18b06c60fd28bdb26b280a49beeb4eead1b72c9ee28b6974ad3ae592c11a5b93f2ec8f27ffad56ee7ce96dccba8c82de0032d1a1edee6902234921bad42cc5900d0c0a59997a0c8c05a8da7b7b57d42df500023b191723efa90381ef9a8fc3f73691dd4b6b65206b793f79163f84f7151eb3776336aa22be70b6f0718fef39ff0a7702d5a69ef7b0a0b8dd059a8fdddba1c71db71aadab69d69a6d9bcd69335bca832abbb218fa62b4d3ed16f0892ddc5cc04642b1f9b1ec7bd6634ba5ea57c4dc4612e7ba4bc74fd2802c683e5ea5630dc5ddb47e6f23253ae3bd695dc36a967219618cc68b92080296ce585d36dbb4655063084102a978aade7b9d25d2d812c183328fe21e9401c5df6a8d2db3dba21fb3b105158eed873d8d75be14d362b6b44b8fbd3cab92d9ce07a0a8b45d134fb8d2a167833215c39390723ad58d1e26d2ef9b4f690b42e3cc809ea3d56802a78c34d89ed5af23c2cc3018e7861fe35ce596aa556dede58c3dba71e5a9da09f53eb5d5dfdbff6d6a66d9d9859db81bc29fbcc7b7e554fc41a4595be965adedc89cb054d83249a41b9d1c30db98142451f97b7b28e958de277feccd383d8c11a48ec14b85fba2af787ade6b5d2608ae0fce1791e9e82adddc96bb7cabb68807e02b91cd303174bd32c2f6d6392694dcc8c37365ba1fa52dd58b58432040d7363ff002d207e4a8f55a209f4ab1bc29a7c065ba6f976c5cfeb56e649648249b50944300e5a343dbdcd003229a2bcd42d05960c10296661d064602d31a682d26d422d4147952b191723ef820023ebc541a0df5a2ea125bd9329b7941745c636b0ea3fad47ac5ed94bab08afa402de01caff0079cff80a00b36ba7b5f4086ef7436a0623b6438007fb555b54b2b1b1b7924b694dbca8bf2856ea7d3157c09e1895ace413c2c030473ce3d8d5213693797b8bc87cbbac7ccb28c50059f0eb7f6869893dec119933b77151f30f5ad4bb8e04b591a58a3d8a0920818a2d26b678b65b3c6ca9c610f4aa5e25b69aef49962b6cefc86c0efed430471179aabb24b04516c818642139087d45755e12d3a282d22ba201b8914fcc3b0cf4a4d0749b1b8d223335b66520890b0c1cd4da643fd93a97d90396b6994bc5bbf848ea284041e31d36196c25bc002cc801ce7ef0f4ae5ecf5468d618668c35bc7d230700fb9f5aec2fe01ac6a3f657622d6d8069369fbcc7b7e555f5fd26ce1d35c416c3cd3854d839ce68036ede381add0c691f96c38c0e2b23c4f2b69da7192ce2556660aceabf747ad5df0f5acb67a4c10ce4ef00920f61d854f7b3dac69e55d4918de3eeb9eb430462e95a6e9b7b691bcaff006991865f7b720f718ab375626c603e4a9b8b23feb2ddf9c0f55aaf6d79a65bdeb47a6c1e6dc9c83e50e07d4d684e92340f36a52f9702ae5a38fa63dcf7a006413c57d7b6c2cc660814b338180323016992cf0d8cb7d0dea7eea53e629233bf2395faf155b40bdb5fed39a0b393fd1e61bd5318dac3a8feb49abdfd93eac63be6fdc5b8fb98cee73fe14016edf4cfb7c4ad7cbe5db81f25b29c2a8f7f7aa5ae5969da759bbdbc9f66b8519408dc93ee2b5638e78a1496c25f3a1600ac721edec6a8b5de95737bb6fedc45763fe7b2ff005a00b1e1e76bed32196f21532e480ccbc91d8d5ebef262b295e58e328aa4e187069d69736d70b8b6923709c610f4aa1e27b49af34a64b73990306c7f787a5008e16e3547961785220b039dc233f3053ede95d9f8474f82dec22b840ad2cab96607381e949a1e97672e910096d4090ae18baf39ef526990ff00656a4f66ac4db4c0bc40ff00091d450055f18e9f04b62d758559971f31fe219e95cd59ead89add2e2359218f0aaa4e157df1eb5d75d5b2eada9186527ec96c3e651fc4e7ff00ad557c4da5dbae9c8969680cece026c5e9f5a101d1422378d4aaa942063038c560f8ba696ceca336abe5abb61dd072056b68f6ef69a6dbc33365d5307d8fa52de5d5923082ea5886efe173da86065e9ba7695776ca576dc3900b176cb517767fd9b1978d7cfb05f99e17e768f55a6dbdf59adc343a3da0926e8cca36a8fa9ab37a821b47b9d5a52f1a8c98d06147b63bd0016932ea1a9c7716f936d0a150d8c062d8e9f4c540d77169d1dcdade45bf7485a2047126e39c7d734df0d5fdbbddcf6d6cdfb823cc8d48c15f51552ff54b16d5e537e0bc709f2e3503201eedfd2803520d285d289753fde371b611f7107a62b33c489a7d85b3b5a49e45d8202ac4dce7dc56d186e208d5ec5fcd8b00f9721edec6b3a2d434b9ef1bed96c2deec1e7cd5feb4017f456967d26de5ba8c79c57925793526af3456da64d24891b00bc2bf427b0a96daeedeee3636f2abaaf5dbdab2bc57612dfe9cbf67cb3c6db8a0ee28608e2eeb5196684c580b096c85ea14fb7a577be1fb382d74d8da10accea0b3aff11a65869b6571a5c2b25a2aee4190cb820d334a4fecebd974fcb18b1e6439f4cf2280333c6b670f902e536a4fbb07fdbe2b0f4fd5645ba83cf48de3521406e8a3e95d38b54d6353965b81bada06f2e34ecc7b9a678934d8dace38eced01999c0528b8c0ef9a40745118e48d59029423231d0d60f8c259edece2fb28288cdfbc641c815aba4db9b3d3a0b776dcf1a60f34dbed46c6ddcc175346acc3eeb53033b49b6d22ead479491ccd8cb16e5bf1a8eeed069a0cd00f32d01064b77e401eab45aea30492c91e8d6819fa349b76a8a96f0476f6ed75a948f36cfe103e51f85004f6928d4b528aea21fe8d121556c7de27ae3e98aaf25dae96b736d71097f3242d002387dc7a7e06a2f0e6a56f25fcd6b6c4f92e3cd453fc27b8feb55ef358b23ac4ad780c8919f2a3503207f798fe3401b16ba52cd89752c4f31e89fc083d00acaf137f66db44e2df097a38558b820fbd6cf913c31f99612657191149c823d8f6aa0bab580bb64bfb616d72bc92eb9cfd0d2606868466974b824bc5fdf15e7239f6a7eb3731da69b34afb0fcb850e3209ec2a4b1bfb5be52d6b28900e2b3bc536126a36212d9819636dfb73d78a6c0e16eafe6b985a2002c4cfbb62f407dbd2bbff000d5a5bdbe9b13401599d41771fc468d32cade4d2e159ad554ec0195979c8a8b4b8c699a8c96218f9320f36207b7a8a168052f1bda5b9b45b9f956e030c1eec3d2b9db0d5248eee169951d570a370e157dabad8ed9354d4e79ee06f8206f2a353d09ee699e26b0f3aca382d2d434ace002a31b47bd2037a27492257420a91918e8456078c9ae12c13ece1845b8f9857ae2b5b49b7fb259436ece19e3500d477baa58db4ff0067b9994391ca9e703de9b028e8b0e93736a16de38ddb00b86196fc69f796634f56b8b30be48e6481bee91ea3d0d4569a9a5ccce9a45a83d9a561b56ad5dc71da5b4979a83bdc14c1dbd867d050032c66fed4bf8aea3522da142a84ff00131ebf95579aeffb21ee6de58b7acac5a1f4627a83f8d41e1ed4a093539a28032452fef1636fe161d71f5eb50df6b16a9ad4af728d32c63cb4503207f78d006c5a69692013df859e761d0fdd41e80564f899b4d8e2648500bd07e5110c107deb685ac88825d3e528186444fca9e3f4aa0357b58aebcad4adbecf71fdf2320fd0d0068683f686d2a0fb603e760f5eb8ed9a76b176965a6cb3395071840c3209ec2a4b0d46d6fd58db481f6f0477aa1e28b07d4ac4476ec3cd89b705cf5e3a5008e0ee2f669639558011390c5546173ed5e83e1bb7b7874a84dbed3bc02ce07534ed3ad617d3618e7b654210064651d7bd57d3e21a6ea6f688716f30f3235f423a8a00a3e38b7b6362276da938601481cb7b5735a7ea92c1790c928c85c282eb9dabed5d8c1026a9aa4f71380f040fe5c4a7a64753f9d1e26b06bab01059dbab48ce3e6031b47ad203621956685648886461904560f8dbed02c2236fbfc9ddfbcf2fafb56b69302d9d9436bbc33c4a0373fad437facd859ce2dee25c3f718ce3eb4d8157436d2aeadf65b449b828dcaebc8fad2df5aae9a1aeecf0b18e64809f95be9ef50daea8f7d3b269368ab1e70d3b8c01f855bbc48ec6d1eeef37dd489d8f4fc076a006e9d31d52f52f114a5b44a5133d589ea6aadd5e1d1de781a2deb33b3c27b127a83f4a8bc3fa9c52ea734312346932f981187dd6eff9d56bbd6614d5ae249607b858ff0074a00e00ee7f3a406dd869b1902e2f0adc5cb0fbc7955f65f6acaf15cba7f94f6f1459bd046df2d7057f1ad9fb1bac224d3e4309237796dca9cfb76aa075b8edeebc9d52d8412e321c0c83f8d30343415b81a5c02f33e705efd719e3346b778b63a74b23300f8c2e4672ddb8a769ba9daea21cdb39253a82306a9f896c0ea96652ddc19e26df8cfb74343038396ea7954ef0c2366dcc02e14915e89a0436f1e9507d9882acb92c07534fd3edd7fb3a28e78155826d6420706aad822e9da9c964bc412af9b10fee9e845080cff1cc56e6d2290e05c86f97039615ce69fa95cd9dec32cd9c700b32e7e51e95d958c297f7f3dece03a2318e153d005ea7f3a4f12d84b7b6b1416b12972fcb1e020a406c412a4b12491b6e461907d4573fe338ae1aca1f243b42ad9902f53e95afa6c31da5b4568ae19a2500fafd6abdf6b96369746de773bc0e7032050c08743974fbab7115b4013681b919314dbeb74d38fdaed0aa28e5e127e593e83d6a3b4d4ee75291869b6eb1420e0ccffd055aba48f4eb47ba991eea65eedcf3ede94c02c266d4af3edc14ac088638c1ea49ea4fe554ae2f24d25e5b5d8184ce5a163d067ae7e99a8fc3da9a4ba9cd008da159879a236ecddf154a4d695758b99cdb3dc0dde4ae0642a8fea4d00743a669f0c6be6ca45c4ee32d2b739fa7b56278aa7b4954db5bdbb3de2b000a211b79f5add6b26540fa7c8606233b0f2a7ea2b2e4d745adc18754b6f2640321d46430f6a00d7d19664d3204b927ce0bf37f8541e22bf161a74ac1b6cac36a0c6726a5d2b53b7d4519adc9ca91b948c11543c47a7ff6bc0ab6d2299e06e84f078e87f4a4c68e2269ee2541e6871116dc70b819f5af48d196de3d3e016b8f2f68e477e3bd3ad610d63124f0aa9da0326320552d2d458ea73588e2175f3a207b7622988dbcff003a00ce7f2a4ec7eb4e04003f33400a0f1ef9a46a55e99aa3ad5ea69ba4dddec8404822690e7d86690cf08f8dde213a87883fb322726dacb8603a190f5fcb81f9d79937522acdedcc9777935ccedba496467639ea49cd55c33b6304e4e063d6ad6846ec6815674e9c5bddacae8afb390a7b9ab969a2dccf82ff00ba4eb93d69dace9b1d8c513c5212c4e083dfdeb2588829a8a7a9d6f2fafec9d5946d15dc7f93a8eab26f7dc919f5e001f4a9e6d192d6dc4bbbcc9158641e879e94fd27592cf1413281818df9ade1d54901b0738c571d6af55544aa688f670781c2d4c3ca547de95baf476058fca54010271d07414d9e149d0c7228653eb58eda8dddfeacb15aa158e36e54feb9ada3bb047435962e82a325287c2cedcab1cf174dd3aa9732dd7919fae2ccba684b45236607c87181468770f7364a65460cbf2ee3fc5572d0ccd131b84c60e320f071de9f26e580ac2173fc20d3a956538f257dfa326861a14aa3af847a7da8ff005b3452babab5d2d3cc36e37b312303a9a34dbc3790f99b0ae49c71c53ef6d96f6d7cb946d27a7b1ac9d52f5ec6ee0b4b54c451ed200fe2ff0039ade9cbeb343925bc7638b1317976355782f727bfebfe649e25b2f32117083e74fbd8ee2b9620f193c7a57a0e03c7f30e08e41ae635ab0b6b60ad0380e4f299cf15183aff00f2ee43ce70177f5987ccc91c014a839623231d288c163851c01cd5a9044908442acfbbe6615e958f9b6cfa1be11ebc759f0c4693b6eb9b43e4b93d48fe13f97f2aeec7dd1d7ad7cf5f06357369e2b6b5620477a8571db70e47f5afa0d4fddcd4cb72a3b1641ea6b84b69ac8dddc1d4eda47f324244dd40e6bbb4e4fd6b1345489e2bab29d559a19981561d89245219ad6e62fb321848316df971d302b1bc49a4457d6cd342a16e906e0c3f8b8e954f57d22e2ded6710ddf9562a0c8a84f39f4fa55cf0b89468c2499d9839246eec290195e03490b5d4ccc76f0b8f7f5ad0d135179f57bfb7ba73bc3fc887a0033d2a8786ae96ce4ba322b0b5790ed900e01f7fc0d4af2d9dd78962b8b79d11621991b380c7b014202ceabaf1b2be169656be748bd40aacdac0bbbdb03242f05ca4bb59187f091ce2b4df4c1fdaf1ea56aea7208917b1f706a3d6628e6d5b4d50079c18b923b2814c0cbb7d61a0865105bb4f752cacec07619e33f8569e89ac8d4677b7b883ca9d79c1f6a4f0fc71c51ddc4aa3cd49cee3dfdbf4a934fd396d2fae2feee54f365271ce028cd004171a8c87c516f6b6efba3db8957b77358de33b698eb1034649f3942a8f43fe7157b4b9ac74ed5af1a69d19e46dc92673c7a7d69ba95c9b8d774f9dd192d43ed46618dc7fce2976036b45d2e1d36d5470656e5e43dcd4dab3daad939bd2a6dcf5cf7ac9f1aa4a74e8e48e475557c305e9cf734cd3b467710fda6e7ed36806f8d0f4c9f5f6a60675b5c40756b392c2c5a08bccdbbc8c6ecf151dbdcda8b99df51b179124918f9e464019ae8b522b25fe9f67160157f3580ec00a4d1026dbbb1942b34529041eea4e41a00d1825b7fb22b4457c9c0db8e98ac9d7f4c8b51b76687027519461dfdaa9eb5a2bc36d3bc57861b24cc8b1fbfa7f9f5abfe14b768f48579999b79dc0376140191e0685966b990e4280136fbd69691a848daedf5bdd39dd9fdd29e981e9f862a8787ee85a5cde4ac8e6ce490e1d464291fd2a59ae2c6f7c416d7314c88b08f9dc9c6e3d80a00b3ac6bd2da5f7d8ec6dbce940cb0fd7155df556b9bdb01340f05d24c03291c1520838fd2b464d3564d5a3d4ad2552df75c750c3fc697588d65d4b4c8c01e6873213e8a07ffaa80322cf589608e68ed2ddee6e9a5677c0e17278fe557f47d69af2692dae61f26751903e9d6a7f0f46911be8800254998b7b83c8a8edac52cee27bebb957cd94fd028ff38a4057b9be99fc4b6f6d6b212a171281d3d7f4acaf195aca7538194963328551e841ff00ebd5cd36eac34ed5eeda49d1fcd3b92407381dc537579de7d734fb86468ecd1c2ab30c6e3ebfca8406de8fa647a65aa0dca2523e773dcd4da8490259ccd76ea60c7cc08ce6b37c6713c9a6a4c8ccab1bf217d3d4d47a3e8dbd6179ae4dc5a81bd10f4dc68032a29d1f52b596d2c0dbc2b28512631906990dc449717325fd8b4d1492b666c670335d3eaac925f5859c606e12f9aca3b05a6689e5ab5ed8498668e563b5bbab73fd6802cdbc913d94724122793b70a4703154359d2a2d4ed1f695f3d4651c7f2aa7aee8a21b5b868ee8c366bfbc118e81bd2acf8460923d28492337ef09601bb0a00cbf03db38b8b99724051b31ef5a5a75ecdff090dedbdd48559b88d4f4c0f4aa5e1eb97b7bcbcb8f2dcd93c872ea3eee3bfd2a4babcb0bed76da78e748d60fbee4e377a0a6059d635bb8b5d456ceca112ca464f154ae3559a6bab25bbb76b7b98e6180470c0f06b666b08ee7508750b2993cc5c06c1c861d3f95375a449aff004d8700c9e6f99f455ebfd280326d3559e23729656cd7172f2bbb71c280703f4abba36b573797cd6979088a703701fd2adf87e34826d421da048262df5079145bd8c7677d3dfde4c9e739e09380a3da8028dd5f4cde27b6b7b672caabb6503a7afe9599e33b491b53b775e5a60100f439ff00ebd5eb0bbb0d3f58bb77995c4e7724839c7a8a8f55b892e357b1b8788a59a385566ea7a73480d5d274f8b4cb450362be32ee7b9fad59d42e218ac5deed90c04723aeef6acaf1a41249a5acb096fddb64a8ee3de9346d1462de596e5ae2d4012246dd03629819b0dc892fed27b6d3fecd0894289318dd9e29905cac735ccd79a719e292562662338e6ba4d4d8497f61651633e679ae0765038a5d15d164bdb1940dd14a5b07f895b9cd005eb4b985ece396078c4007073802b3f5ed31356b062bb0caa331bafafa552d73424482e654b9686d80deb10e9bff00faf56fc256ed6ba32b4ccc0b92e43761ff00eaa00c6f02c0c24bb9470531195f7eb57746bf9bfe120beb5bb63e6bb7eec1e981d87e06aaf87ae25b59ef2e5a263632c8c772ff000e0f5fa539efac2fbc4105dacab1c702fcccdc173dbf9d0059d5b5dbb8b54163a7dbacb2af5c8fc6abcdaa5c4b7b6315edb34174928c7a302306b59ec21b9d461d46c675120386c1c8714baca2cfa9e9b10037873293dc281fe3480c6b1d4eed44d1e9f6de7ced2bbbb9e839ad0d0f5a9ef6e65b4b98825c463278c7d6ac682a217beb7202ba4ccdf5079145b5adb69934f737370be7ca7e666e38f6a60524bd96e7c5663b67cc489b641dbbf3f9d6578b2c24975c8029f9e70028f7e95774ad42c34dbdbb1bf7acadb924519c8f4a2ee599bc45637b73098add8948f7751ee7f3a406dd8db43a5d9a46be5a0eecc7058d26ab7d04167bae42491bf017aef3ed59de33b532416f3aef2a8f8603a007bd59d274386192398cad711aafee83f45cf24d3031609e6fed8b4b85b116b1b165040c6ef97bfe550e9d72d6d0992f74e135b48c5fcedb93d7a9ae8ef5d6eb5db7b68f9102b4921f424600a3407436f3d94806f81d90a1eeb9e0d211762bd89ed926578c42c3218b60566f88b4e4d52c5a488279a83723af391e95435fd12182ce7984d208d4e6284740c7b56af87e1fb0e8319b8ca9085d95bb50331fc0f0b25a5d4d9c867d83f0ff00f5d4de1bbe946a37b6b7649b82e586ef4f4155bc3b73358594b713447ec52b960c3f84fae3d29d06a5a75c7883edcf20855136aee1cb9f53f9d3025bfd67519b577b3d3a253e575246734c6d46e24d52d16eadcc3751ef0de8ca4751f88ad786cade4d41750b2997730c481790c2a3bc55b8d76da300130c6cec7d33c0140187a76a17ef60b1e996e0b2f3248dd3279ad6f0f6ad35e4f35b5e2059a2f4a5d087976335b801648a56561f8f069f6d158e8ed2cd7170be74a72ecc793f85202adb5e3ddf8ad85b3130226d7f438ffeb9acef15d8b4de208923c66e00ebdbb54ba46a961a6dcdcc68c64495b723a8fd2a5bb9251e22b1bdba8fcb8643b10139c7a67f3a00dc823b4d2ac923dc91274cb1c6e3eb55b51beb5b7b5df20132bf0a839df543c696467b5b79d55db636d7dbce14f7c54da468b15bccb32bbcaa1418c3ff00067ae28033a296effb5edae64b14b688e55768c13c1eb5169d737168825b9d3566b5932c640b93d6b7e7912f35db7b68f916c0c8fec4f0053bc3f2a88a6b0931e6c0e54a9eeb9e0d005c4d46dcdb24fe622c4dc824e3f0aa1ae59c5ab69cf24415a4519471dfdaa8788344822b49e6479793fba8979018fb56a68b08d33424f3f2a550bbee3d28032bc13114b79e6da7712131e98fff005d2f87af648b55bcb5bcdde73bee04ff002a8f409a7b0b492ea54dd652b16073cafbfe35045ad69f71ae0bc958c4a8bb5723963ea698166ff58d467d564b3d35154c5d4b0ebeb4d7bfba3a9d9477b014b9466f987465239ad28e3b3b9bf5bfb294193a3ed390c3dc5178cb73aeda46067c956763e99e05203274ebdd4a5b31169900014b3492bf76273c55ff000f6af753dd5c5adf2e658867701ef822a7d01c456f716b8c490cacbf813907f5a226d3f473334f3833c992ec7963f850053b5bc92f3c50cf6e1bc98d7639f5ebfd6b3fc4f64d3ebf088c1067001fe5fd2a6d3759b2d3ae2e163dd24533ee5603047b1a7de4b3c7af59df5d28481db620ce768c773f8d006fc26d349b38e23b6241ebdcfad26a3ab5bc166242be78938445e779acdf165b1b9b78658d199a36c363fba7daac693a55a5b797711b48eaca362bff000e7a9a00c8f32f8ea96575716a9047bcaa05182720f06a3b09ef6ce033bd8a4f6aec5d88196eb5b57772b77aedb4116196d834927b1230052e857091bcda7c87e78dcedcf75268405c8f56b46b44b86955236e9bb8e7d2aaeb36f06b1a7334437b2826375f51daa96bfa4daac7733a890b91fbb8d3a063ed5774455d37434f3c1470a5df3d8d0066f816354b7ba9467716d9f97ffae9de1fbb92df55bcb4bbdde748e64527f8bfc8aafa0cd2e9b6b35eba06b59d8b6dce08f71447abd8dc6b42f6726358d7646319c9f534c09af755d42eb5996cb4ff00ddf959e48eb8f5a1af6f3fb46c63be876ce8c76baf46041cd6a42b61797a97b6730f387deda7ef0f71497cc973adda44304408d2b1f4c8c01480c7d36e7529acbcad3102202c5e56eec4e78abde1ed5aea6bcb8b3be1ba4887de03dead680c23b7b9b4fbb24523638ec7906a2826d3347f35a49b74d2312e49cb134014ad2f5eff00c58f2db0610449b18f66ff0024d52f14590b8f10c0230775c0193e9ce3f953b4dd72cf4eb9b9112b3c12bef5246083e87daa5ba92e23d76cb50bcdab0bb15001c8518e39fc7342e806f89ec748b58e37758507033de997facc10da23c4bf68694e11179dc6b3bc5d6bf6b8209218cc8c87903aed3d715774bd36cad2413c41f950543ff0fd29818bbf503aad95d5ec290a962aaaa39e41e0d47a6dc5fd9dbfda52d526b47cbb003e6ebcd6d5d4e979af43021063b552ee47f788c014683731c324fa7ca40781c9507ba9e452405b4d6ac4d9a5cb4c1236e99ea0fa541aac36dad696c6321c804c6e07423b551d7748b45b5b9b88a37791bee22f40c7daafe8f1ae93a129b9011954bb827bd0065f822344b6b8987df66d87db14be1fbb6b5d5ef2caeb76f91cba93dffc8aafa1c971a6d9c97f2056b5949664270579e08a4835cb29b5b17970ae8a89b230067f134c09af750d4af3589ad2c24f2963fc3a77a47bbbc4d46ce3be4fdfa6fdb22f461b6b5ad8e9f7d7cb776928f3d460e38247a114dba2971ae42a00296e8ccc7dcf0052031f4d9b54bbb048ec0adbc4990643d598f5abde1ad4eea59ae2d6f5b7b459f9fdf3d2ad682e91da4f68ed89219197f02720d345e695a3ab209774ac72d8f9989f7a6053d3ae5b50f144d730ee5b7893cb27b3551f105925cf89208d491e7a82c476c75fd052e9daf5b69f3cf1430b34123ee52dc1527b7d2acccb3db6b767a8de15f2e63b3e5e8831c0cd2036def2c749b78a37758500c28c545a86b30456c86d87da6594e11179cfb9aa9e2dd3daeedede686332346d870bd4a9eb57f4bd26d6d5fcf8118165180dfc34c0c03fda0baadadcdf79699dca8aa391f29a4d29b52b2b349d6149ed1b2e5547cc39e6b566956ff5d11c3868ad50ee6ff6cf1fcaa4d067589a7d3dc8596163b41eea4f1480b3fdb564b691cef305571c03d7df8aabadc16dac6945e12aeca0b46c3d7d2abebfa2dbb5b4f2dbc0ef71291b557a03eb56618974ad0d44db54c6996e7f8a86328781e00ba74f20e247723e98ff00f5d2785e77b5bebad3eeb3e69732027bd57d20dce8fa5fdb26dad04bf33464e181ed8fad4169afdab6a925edcc6cadb4220519c0f53efcd311665b9d4f52d66e20b4b8f21213803a700d58b49ef175eb482f9019555ff78bd1971fe357ec5b4fbebdfb55a4a04e061829c123dc52a9fb4f8872bf72da2da4ff00b4ddbf2a406d2fa1eb4f3d09a62d3ba82298c33c1f6ae17e335eb59f812ed55b0677487f02727f415dc83c95ee7ad7957ed03315f0f69f18e8f73923e8a7fc6901e0ac47e94c8e431c8ac870ca770a76e2723148fc1181daaccd3b1d4e93aba5e3f9520d8fdb9eb52ebd642eed0b20cc91f23dc572292b4522ba0c329c835dd69f742eed1251dc723d0d79788a5ec24aa4363ea72ec57d7a9cb0f5dddfe9ff0000e14e403d411e95d7e897a2eecd431fde270dfe3587af591b6badca311c9cf1d8fa56a785ac5c4125cb6406f9547b0aeaa94feb54af1df73ccc2d6965b8ae4a9b6cff00ccd9856dedccd31c465b966aaf6cf3cde64d2aed8ddb118ef8f53565d51861802a7b1ac7d7b5546d90dab1f344832474e2a70f2588c3ba53e9b1d79845e03190c552da5bfebf7fe65cd59a65d3e5fb39e7bfd3bd60e9daccb0308ee332479c673c8ae9c301006930063e627a555b7b3b4b99629d117cb8d89c8180d58e15baa95192bafc8e9cd29fd5e5f5ba53e595b6ee590c0e080704646462b9af10180dc24b0ca3ce5eaa3f9d27883536b9bcf2e073e526572a7ef5626589e84935bd3c1aa553994b43cdc4e70f1543d9ca0afdff00c8d5b8d6ae654088760c7257a9a6da69e6e2d9ee679b6267009e49356b4fd3d61824b8bb054280c323f4fe550ea9790347e459c7b101dc483c13f4aec8518535b1e556c4d4aefdf93632eda186d9218d11a6dc599c1e9cf4fa74acfc7249a6ae68c9ddeb4dbb99a56363c2d766c7c43a75c03831ce849f6cf35f57c7ca2fe15f2044ccb2a30c020835f5c698fe669f6ae7f8a356fd2a5ea8b5a33523e16b9cd7237b0d4a1d42060a24223933d09ed9ae893a56078d655fecb48860c8f20c2fad414599b518248765f5b4833d46cdca7e845417934f7b09b6b089e1848dad33ae303d8553d126d42d34b8a49626b8879ca7f1a60fea2ae3788f4f030eee8dfdd65e69889a4d2957446b2b63b32b8cfa9f7fad73907842e0b1f3e744527f879a9b53f159dbb34f4c76deff00d0545a1f886e7ed9e5dd334f1907855c907b52034469175a4c2d2da5f7c8832c92fdd22a4d0dcea17135f4bf2c9c46a9fdd1d7f5a92edda50b3eacc2ded036161ce4b1ff006bfc296cae20b9d66e0da9cc2b0aab32f42d93fd298157559db4dd43ed10105a75daea7a0c746344be1f9f51ccb797ecdbb90a9f747d2a4b8b8b6b7d5ae7edc711bc2aa85ba11ce454b612c96b1092cb375a79390a3ef27d3d45203226f08ceb20f2a742a7b91838ae8ee74b4bbd2d2d2762cc8a36c9dc30ef5ca6b5e21be37b27d9dda2890e1571838f7abfa678b14011ea098603efa743f85303456ea6b687ecda940d201f2f98837071ee3b51fda1e5dbff00a2c0eaaa38671b5545452f88ad1d80816499cf4555e4d6778856fee34e59191923ddf2c2bc92, 0);

-- --------------------------------------------------------

--
-- Estrutura da tabela `edital`
--

CREATE TABLE `edital` (
  `id` int(8) NOT NULL,
  `N_edital` varchar(15) NOT NULL,
  `id_disciplina` int(8) NOT NULL,
  `id_curso` int(8) NOT NULL,
  `id_aula` int(8) NOT NULL,
  `id_semestre` int(8) NOT NULL,
  `id_prazo` int(8) NOT NULL,
  `id_horario` int(8) NOT NULL,
  `arquivosEdital` varchar(222) NOT NULL,
  `StatusEdital` varchar(200) NOT NULL
) ENGINE=InnoDB DEFAULT CHARSET=utf8mb4 COLLATE=utf8mb4_general_ci;

--
-- Extraindo dados da tabela `edital`
--

INSERT INTO `edital` (`id`, `N_edital`, `id_disciplina`, `id_curso`, `id_aula`, `id_semestre`, `id_prazo`, `id_horario`, `arquivosEdital`, `StatusEdital`) VALUES
(160, 'EI 1-2/2022', 12, 4, 2, 2, 1, 8, 'Editais/EI1-2-2022.pdf', 'ABERTO'),
(162, 'EI 2-2/2022', 9, 4, 2, 2, 1, 2, 'Editais/EI2-2-2022.pdf', 'FECHADO'),
(163, 'EI 3-2/2022', 8, 4, 2, 2, 1, 26, 'Editais/EI3-2-2022.pdf', 'ABERTO'),
(171, 'EI 4-2/2022', 7, 4, 2, 2, 1, 14, 'Editais/EI4-2-2022.pdf', 'ABERTO'),
(172, 'EI 5-2/2022', 11, 4, 2, 2, 1, 9, 'Editais/EI5-2-2022.pdf', 'ABERTO'),
(175, 'EI 29-1/2022', 66, 1, 1, 2, 2, 20, 'Editais/EI29-1-2022.pdf', 'ABERTO'),
(176, 'EI 25-1/2022', 67, 3, 1, 2, 2, 20, 'Editais/EI25-1-2022.pdf', 'ABERTO'),
(177, 'EI 24-1/2022', 68, 3, 2, 2, 2, 14, 'Editais/EI24-1-2022.pdf', 'ABERTO'),
(178, 'EI 23-1/2022', 68, 3, 2, 2, 2, 14, 'Editais/EI23-1-2022.pdf', 'ABERTO'),
(179, 'EI 22-1/2022', 42, 3, 2, 2, 2, 12, 'Editais/EI22-1-2022.pdf', 'ABERTO'),
(180, ' EI 18-1/2022', 44, 2, 2, 2, 2, 9, 'Editais/EI18-1-2022.pdf', 'ABERTO');

-- --------------------------------------------------------

--
-- Estrutura da tabela `horarioaula`
--

CREATE TABLE `horarioaula` (
  `id_horario` int(8) NOT NULL,
  `horario` varchar(67) NOT NULL
) ENGINE=InnoDB DEFAULT CHARSET=utf8mb4 COLLATE=utf8mb4_general_ci;

--
-- Extraindo dados da tabela `horarioaula`
--

INSERT INTO `horarioaula` (`id_horario`, `horario`) VALUES
(2, 'Terça-feira das 19h00 às 22h30'),
(8, 'Quarta-feira das 19h00 às 22h30'),
(9, 'Quinta-feira das 19h00 às 22h30'),
(12, 'Sexta-feira das 19h00 às 22h30'),
(14, 'Segunda-feira das 19h00 às 22h30'),
(15, 'Segunda-feira das 19h00 às 20h40'),
(16, 'Terça-feira das 19h00 às 20h40'),
(17, 'Quarta-feira das 19h00 às 20h40'),
(18, 'Quinta-feira das 19h00 às 20h40'),
(19, 'Sexta-feira das 19h00 às 20h40'),
(20, 'Segunda-feira das 20h50 às 22h30'),
(21, 'Terça-feira das 20h50 às 22h30'),
(22, 'Quarta-feira das 20h50 às 22h30'),
(23, 'Quinta-feira das 20h50 às 22h30'),
(24, 'Sexta-feira das 20h50 às 22h30'),
(25, 'Sábado das 07h40 às 09h20'),
(26, 'Sábado das 09h30 às 11h10'),
(27, 'Sábado das 11h10 às 12h50'),
(28, 'Sábado das 09h30 às 12h50');

-- --------------------------------------------------------

--
-- Estrutura da tabela `inscricao`
--

CREATE TABLE `inscricao` (
  `id` int(11) NOT NULL,
  `id_usuario` int(11) NOT NULL,
  `id_edital` int(11) NOT NULL,
  `datahora` datetime NOT NULL
) ENGINE=InnoDB DEFAULT CHARSET=latin1 COLLATE=latin1_swedish_ci;

--
-- Extraindo dados da tabela `inscricao`
--

INSERT INTO `inscricao` (`id`, `id_usuario`, `id_edital`, `datahora`) VALUES
(7, 3, 163, '2023-06-23 19:59:52'),
(10, 3, 160, '2023-06-23 22:12:09'),
(11, 3, 176, '2023-06-26 18:45:40');

-- --------------------------------------------------------

--
-- Estrutura da tabela `prazos`
--

CREATE TABLE `prazos` (
  `id_prazo` int(8) NOT NULL,
  `prazo` varchar(67) NOT NULL
) ENGINE=InnoDB DEFAULT CHARSET=utf8mb4 COLLATE=utf8mb4_general_ci;

--
-- Extraindo dados da tabela `prazos`
--

INSERT INTO `prazos` (`id_prazo`, `prazo`) VALUES
(1, 'Ind.'),
(2, 'Det.');

-- --------------------------------------------------------

--
-- Estrutura da tabela `semestre`
--

CREATE TABLE `semestre` (
  `id_semestre` int(8) NOT NULL,
  `semestre` varchar(45) NOT NULL
) ENGINE=InnoDB DEFAULT CHARSET=utf8mb4 COLLATE=utf8mb4_general_ci;

--
-- Extraindo dados da tabela `semestre`
--

INSERT INTO `semestre` (`id_semestre`, `semestre`) VALUES
(1, '1 semestre'),
(2, '2 semestre'),
(3, '3 semestre'),
(4, '4 semestre'),
(5, '5 semestre'),
(6, '6 semestre');

-- --------------------------------------------------------

--
-- Estrutura da tabela `status`
--

CREATE TABLE `status` (
  `id` int(8) NOT NULL,
  `status` varchar(50) NOT NULL
) ENGINE=InnoDB DEFAULT CHARSET=utf8mb4 COLLATE=utf8mb4_general_ci;

--
-- Extraindo dados da tabela `status`
--

INSERT INTO `status` (`id`, `status`) VALUES
(1, 'Aberto'),
(2, 'Finalizado');

-- --------------------------------------------------------

--
-- Estrutura da tabela `usuarios`
--

CREATE TABLE `usuarios` (
  `id_usuario` int(8) NOT NULL,
  `Nome` varchar(50) NOT NULL,
  `usuario` varchar(200) NOT NULL,
  `senha` varchar(45) NOT NULL
) ENGINE=InnoDB DEFAULT CHARSET=utf8mb4 COLLATE=utf8mb4_general_ci;

--
-- Extraindo dados da tabela `usuarios`
--

INSERT INTO `usuarios` (`id_usuario`, `Nome`, `usuario`, `senha`) VALUES
(1, 'Radmila Lopes', 'radmila.lopes@gmail.com', '123'),
(2, 'admin', 'admin@gmail.com', 'admin'),
(3, 'Radmila', '', '');

--
-- Índices para tabelas despejadas
--

--
-- Índices para tabela `cargaaula`
--
ALTER TABLE `cargaaula`
  ADD PRIMARY KEY (`id_aula`);

--
-- Índices para tabela `cursos`
--
ALTER TABLE `cursos`
  ADD PRIMARY KEY (`id_curso`);

--
-- Índices para tabela `disciplinas`
--
ALTER TABLE `disciplinas`
  ADD PRIMARY KEY (`id_disciplina`);

--
-- Índices para tabela `documentos`
--
ALTER TABLE `documentos`
  ADD PRIMARY KEY (`id`);

--
-- Índices para tabela `edital`
--
ALTER TABLE `edital`
  ADD PRIMARY KEY (`id`),
  ADD KEY `id_disciplina` (`id_disciplina`,`id_curso`);

--
-- Índices para tabela `horarioaula`
--
ALTER TABLE `horarioaula`
  ADD PRIMARY KEY (`id_horario`);

--
-- Índices para tabela `inscricao`
--
ALTER TABLE `inscricao`
  ADD PRIMARY KEY (`id`);

--
-- Índices para tabela `prazos`
--
ALTER TABLE `prazos`
  ADD PRIMARY KEY (`id_prazo`);

--
-- Índices para tabela `semestre`
--
ALTER TABLE `semestre`
  ADD PRIMARY KEY (`id_semestre`);

--
-- Índices para tabela `status`
--
ALTER TABLE `status`
  ADD PRIMARY KEY (`id`);

--
-- Índices para tabela `usuarios`
--
ALTER TABLE `usuarios`
  ADD PRIMARY KEY (`id_usuario`);

--
-- AUTO_INCREMENT de tabelas despejadas
--

--
-- AUTO_INCREMENT de tabela `cargaaula`
--
ALTER TABLE `cargaaula`
  MODIFY `id_aula` int(8) NOT NULL AUTO_INCREMENT, AUTO_INCREMENT=3;

--
-- AUTO_INCREMENT de tabela `cursos`
--
ALTER TABLE `cursos`
  MODIFY `id_curso` int(8) NOT NULL AUTO_INCREMENT, AUTO_INCREMENT=34;

--
-- AUTO_INCREMENT de tabela `disciplinas`
--
ALTER TABLE `disciplinas`
  MODIFY `id_disciplina` int(8) NOT NULL AUTO_INCREMENT, AUTO_INCREMENT=69;

--
-- AUTO_INCREMENT de tabela `documentos`
--
ALTER TABLE `documentos`
  MODIFY `id` int(11) NOT NULL AUTO_INCREMENT, AUTO_INCREMENT=12;

--
-- AUTO_INCREMENT de tabela `edital`
--
ALTER TABLE `edital`
  MODIFY `id` int(8) NOT NULL AUTO_INCREMENT, AUTO_INCREMENT=181;

--
-- AUTO_INCREMENT de tabela `horarioaula`
--
ALTER TABLE `horarioaula`
  MODIFY `id_horario` int(8) NOT NULL AUTO_INCREMENT, AUTO_INCREMENT=30;

--
-- AUTO_INCREMENT de tabela `inscricao`
--
ALTER TABLE `inscricao`
  MODIFY `id` int(11) NOT NULL AUTO_INCREMENT, AUTO_INCREMENT=12;

--
-- AUTO_INCREMENT de tabela `prazos`
--
ALTER TABLE `prazos`
  MODIFY `id_prazo` int(8) NOT NULL AUTO_INCREMENT, AUTO_INCREMENT=3;

--
-- AUTO_INCREMENT de tabela `semestre`
--
ALTER TABLE `semestre`
  MODIFY `id_semestre` int(8) NOT NULL AUTO_INCREMENT, AUTO_INCREMENT=7;

--
-- AUTO_INCREMENT de tabela `status`
--
ALTER TABLE `status`
  MODIFY `id` int(8) NOT NULL AUTO_INCREMENT, AUTO_INCREMENT=3;

--
-- AUTO_INCREMENT de tabela `usuarios`
--
ALTER TABLE `usuarios`
  MODIFY `id_usuario` int(8) NOT NULL AUTO_INCREMENT, AUTO_INCREMENT=4;
COMMIT;

/*!40101 SET CHARACTER_SET_CLIENT=@OLD_CHARACTER_SET_CLIENT */;
/*!40101 SET CHARACTER_SET_RESULTS=@OLD_CHARACTER_SET_RESULTS */;
/*!40101 SET COLLATION_CONNECTION=@OLD_COLLATION_CONNECTION */;
